CREATE DATABASE  IF NOT EXISTS `iotequ3` /*!40100 DEFAULT CHARACTER SET utf8 */;
USE `iotequ3`;
-- MySQL dump 10.13  Distrib 5.7.12, for Win64 (x86_64)
--
-- Host: localhost    Database: iotequ3
-- ------------------------------------------------------
-- Server version	5.7.17-log

/*!40101 SET @OLD_CHARACTER_SET_CLIENT=@@CHARACTER_SET_CLIENT */;
/*!40101 SET @OLD_CHARACTER_SET_RESULTS=@@CHARACTER_SET_RESULTS */;
/*!40101 SET @OLD_COLLATION_CONNECTION=@@COLLATION_CONNECTION */;
/*!40101 SET NAMES utf8 */;
/*!40103 SET @OLD_TIME_ZONE=@@TIME_ZONE */;
/*!40103 SET TIME_ZONE='+00:00' */;
/*!40014 SET @OLD_UNIQUE_CHECKS=@@UNIQUE_CHECKS, UNIQUE_CHECKS=0 */;
/*!40014 SET @OLD_FOREIGN_KEY_CHECKS=@@FOREIGN_KEY_CHECKS, FOREIGN_KEY_CHECKS=0 */;
/*!40101 SET @OLD_SQL_MODE=@@SQL_MODE, SQL_MODE='NO_AUTO_VALUE_ON_ZERO' */;
/*!40111 SET @OLD_SQL_NOTES=@@SQL_NOTES, SQL_NOTES=0 */;

--
-- Table structure for table `cg_button`
--

DROP TABLE IF EXISTS `cg_button`;
/*!40101 SET @saved_cs_client     = @@character_set_client */;
/*!40101 SET character_set_client = utf8 */;
CREATE TABLE `cg_button` (
  `id` char(32) NOT NULL COMMENT 'id',
  `table_id` varchar(32) NOT NULL COMMENT '所属表单',
  `order_num` int(11) NOT NULL COMMENT '排序',
  `action` varchar(45) NOT NULL COMMENT '操作代码',
  `title` varchar(45) NOT NULL COMMENT '标题',
  `icon` varchar(45) NOT NULL COMMENT '图标',
  `append_class` varchar(200) DEFAULT NULL COMMENT '执行函数或参数',
  `action_property` varchar(45) NOT NULL COMMENT '行为属性',
  `row_property` varchar(45) NOT NULL COMMENT '行属性',
  `display_properties` varchar(45) DEFAULT NULL COMMENT '显示属性',
  `confirm_text` varchar(100) DEFAULT NULL COMMENT '操作前提示',
  `is_refresh_list` tinyint(1) NOT NULL COMMENT '操作后刷新列表',
  PRIMARY KEY (`id`),
  UNIQUE KEY `ui_cg_button01` (`table_id`,`action`),
  CONSTRAINT `fk_cg_button_table_id_cg_table_id` FOREIGN KEY (`table_id`) REFERENCES `cg_table` (`id`) ON DELETE CASCADE ON UPDATE CASCADE
) ENGINE=InnoDB DEFAULT CHARSET=utf8 ROW_FORMAT=DYNAMIC COMMENT='按钮定义';
/*!40101 SET character_set_client = @saved_cs_client */;

--
-- Dumping data for table `cg_button`
--

LOCK TABLES `cg_button` WRITE;
/*!40000 ALTER TABLE `cg_button` DISABLE KEYS */;
INSERT INTO `cg_button` (`id`, `table_id`, `order_num`, `action`, `title`, `icon`, `append_class`, `action_property`, `row_property`, `display_properties`, `confirm_text`, `is_refresh_list`) VALUES ('078c208a508c11eaae7fac220b822a69','qinyoyo.cg_project',1,'build','项目配置代码','fa fa-magic fa-fw',NULL,'aj','mr','hm,tb',NULL,0),('0e1952e72a0b11ea9f1648ba4e596d01','qinyoyo.cg_field',10,'extDict','额外字典','w',NULL,'aj','nr','hm,hp,ed',NULL,0),('142bf9ee513911ea882eac220b822a69','qinyoyo.cg_project',14,'down','下载代码','fa fa-cloud-download fa-fw','{request: {timeout: 20000,responseType: \"blob\"}, fileName: \"cg.zip\"}','aj','nr','hm,tb',NULL,0),('2e241b88be4f11e8aa9948ba4e596d01','qinyoyo.ad_day_result',20,'_export','export','e','','aj','nr','tb','需选择部门和月份，继续生成报表',0),('6ba882b65bad11ea9cc5ac220b822a69','qinyoyo.cg_list_field',1,'select','选择','fa fa-check-square-o',NULL,'js','nr','tb',NULL,1),('86b8dde578a111eab532e0d55e861391','qinyoyo.sys_message',0,'process','处理','fa fa-hand-o-left','this.process()','js','sr','tb,rw,ed',NULL,0),('91e515baac5111ea8ef6e0d55e861391','qinyoyo.sys_log',20,'loginTop10','登录Top 10','fa fa-sort-amount-desc','{url:\"/framework/sysLog/loginTop10\"}','go','nr','tb',NULL,0),('920ab0c15bac11ea9cc5ac220b822a69','qinyoyo.cg_form_field',1,'select','选择','fa fa-check-square-o',NULL,'js','nr','tb',NULL,1),('b2c28814eb1211e985eee0d55e861391','qinyoyo.sys_message',20,'readAll','全部标记已读','fa fa-check','','aj','nr','tb','将本人所有未读消息全部标记为已读，确定吗',1),('b6808a561eb111e9afca8a150d8c204c','qinyoyo.sys_log',10,'clear','清空','fa fa-window-close-o','','aj','nr','hm,tb','是否清除所有日志信息',1),('be8f28cf462011e98dbd8a150d8c204c','qinyoyo.sys_user',10,'resetPassword','复位密码','fa fa-key','','aj','sr','rw,tb','确实需要将用户密码复位吗',0),('c661cca5d73711e88167e0d55e861391','qinyoyo.dev_org',40,'get_data','读取设备数据','fa fa-cloud-upload  fa-fw','','aj','nr','tb','确定将设备用户数据同步到系统',1),('cd6ba640c7cc11ea9a32e0d55e861391','qinyoyo.cg_table',10,'create','自动导入数据库表','el-icon-receiving',NULL,'pg','nr','tb,hm',NULL,1),('df205272859811e99db5e0d55e861391','qinyoyo.cg_table',50,'flowSync','流程控制同步','fa fa-gg-circle','','aj','mr','hm','该操作将会删除所有的流程控制表单字段定义，并以主表的定义来替代。',0),('f9222bb6c7cc11ea9a32e0d55e861391','qinyoyo.cg_table',60,'fields','字段获取','el-icon-receiving',NULL,'aj','nr','hm,hp',NULL,0),('fafc22a15c6111eaab38e0d55e861391','qinyoyo.sys_user',3,'changePassword','修改密码','fa fa-unlock-alt','{url:\"/changePassword\"}','go','sr','ed',NULL,0),('fe2628c4be4e11e8aa9948ba4e596d01','qinyoyo.ad_day_result',10,'adjust','考勤数据校正','fa fa-bolt fa-fw','','aj','sr','tb','',1),('qinyoyo1','qinyoyo.sys_action',10,'initial','权限重置','fa fa-bolt fa-fw','','aj','nr','hm,tb,gs','操作将重置所有的权限列表，是否需要执行',1),('qinyoyo14','qinyoyo.dev_org',10,'download','下发到终端','fa fa-cloud-download  fa-fw','','aj','sr','tb','将覆盖终端数据，确定将部门数据下发到终端',0),('qinyoyo17','qinyoyo.dev_org',20,'_refresh','refresh','refresh','','js','nr',NULL,'',0),('qinyoyo2','qinyoyo.cg_table',20,'sync','数据库同步','fa fa-retweet fa-fw','','pg','mr','hm,tb,gs','同步操作不可逆，可能丢失数据。确定操作码',1),('qinyoyo25','qinyoyo.dev_org',30,'deleteSpecifyUser','从设备删除选择部门所有用户','fa fa-user-times  fa-fw','','aj','sr','tb','确实需要将选定部门所有用户从指定设备删除',0),('qinyoyo3','qinyoyo.cg_table',30,'generator','代码生成','fa fa-magic fa-fw','{request: {timeout: 0}}','aj','mr','tb,rw','是否需要生成当前选定表的cg代码',0),('qinyoyo33','qinyoyo.cg_table',40,'scanCode','自定义代码扫描','fa fa-search-plus','','aj','mr','tb','将自动扫描修改后的自定义代码，更新数据库数据。确认操作吗',0),('qinyoyo34','qinyoyo.sys_message',10,'read','已读','fa fa-check-square-o','this.read()','pg','sr','tb,rw','',0);
/*!40000 ALTER TABLE `cg_button` ENABLE KEYS */;
UNLOCK TABLES;

--
-- Table structure for table `cg_field`
--

DROP TABLE IF EXISTS `cg_field`;
/*!40101 SET @saved_cs_client     = @@character_set_client */;
/*!40101 SET character_set_client = utf8 */;
CREATE TABLE `cg_field` (
  `id` char(32) NOT NULL COMMENT '主键ID',
  `table_id` varchar(32) NOT NULL COMMENT '表ID',
  `order_num` int(11) NOT NULL COMMENT '排序',
  `entity_name` varchar(45) NOT NULL COMMENT 'Entity名',
  `title` varchar(32) NOT NULL COMMENT '标题',
  `name` varchar(32) DEFAULT NULL COMMENT '字段名',
  `key_type` varchar(2) NOT NULL DEFAULT '0' COMMENT '主键',
  `default_value` varchar(200) DEFAULT NULL COMMENT '默认值',
  `show_type` varchar(30) NOT NULL DEFAULT 'text' COMMENT '表单控件类型',
  `formatter` varchar(100) DEFAULT NULL COMMENT '显示格式',
  `is_null` varchar(5) NOT NULL DEFAULT '0' COMMENT '可空',
  `valid_expression` varchar(200) DEFAULT NULL COMMENT '校验正则表达式',
  `valid_title` varchar(1000) DEFAULT NULL COMMENT '校验提示',
  `dict_table` varchar(200) DEFAULT NULL COMMENT '字典表或SQL语句',
  `dict_field` varchar(1000) DEFAULT NULL COMMENT '字典code',
  `dict_multiple` tinyint(1) NOT NULL DEFAULT '0' COMMENT '多选',
  `dict_text` varchar(1000) DEFAULT NULL COMMENT '字典Text',
  `dyna_condition` varchar(200) DEFAULT NULL COMMENT '动态条件',
  `dict_full_name` tinyint(1) NOT NULL DEFAULT '0' COMMENT '显示全名',
  `dict_parent` varchar(100) DEFAULT NULL COMMENT '父亲字段名',
  `dict_parent_field` varchar(100) DEFAULT NULL COMMENT '树键值字段',
  `type` varchar(32) NOT NULL DEFAULT 'varchar' COMMENT '字段类型',
  `length` int(11) DEFAULT '36' COMMENT '字段长',
  `numeric_precision` int(11) DEFAULT NULL COMMENT '小数位长',
  `numeric_scale` int(11) DEFAULT NULL COMMENT '小数精度',
  `fk_table` varchar(45) DEFAULT NULL COMMENT '关联主表',
  `fk_column` varchar(45) DEFAULT NULL COMMENT '关联主表字段',
  `fk_on_delete` varchar(45) DEFAULT NULL COMMENT 'On Delete',
  `fk_on_update` varchar(45) DEFAULT NULL COMMENT 'On Update',
  `default_query_value` varchar(45) DEFAULT NULL,
  PRIMARY KEY (`id`),
  UNIQUE KEY `ui_cg_field01` (`table_id`,`entity_name`),
  CONSTRAINT `fk_cg_field_table_id_cg_table_id` FOREIGN KEY (`table_id`) REFERENCES `cg_table` (`id`) ON DELETE CASCADE ON UPDATE CASCADE
) ENGINE=InnoDB DEFAULT CHARSET=utf8 ROW_FORMAT=DYNAMIC COMMENT='字段定义表';
/*!40101 SET character_set_client = @saved_cs_client */;

--
-- Dumping data for table `cg_field`
--

LOCK TABLES `cg_field` WRITE;
/*!40000 ALTER TABLE `cg_field` DISABLE KEYS */;
INSERT INTO `cg_field` (`id`, `table_id`, `order_num`, `entity_name`, `title`, `name`, `key_type`, `default_value`, `show_type`, `formatter`, `is_null`, `valid_expression`, `valid_title`, `dict_table`, `dict_field`, `dict_multiple`, `dict_text`, `dyna_condition`, `dict_full_name`, `dict_parent`, `dict_parent_field`, `type`, `length`, `numeric_precision`, `numeric_scale`, `fk_table`, `fk_column`, `fk_on_delete`, `fk_on_update`, `default_query_value`) VALUES ('030a1a35b4c811e9a8c9e0d55e861391','qinyoyo.pay_corporation',10,'id','','id','1',NULL,'number','%d','0','',NULL,NULL,NULL,0,NULL,NULL,0,NULL,NULL,'int',NULL,10,0,NULL,NULL,NULL,NULL,NULL),('030a6abcb4c811e9a8c9e0d55e861391','qinyoyo.pay_corporation',30,'name','名称','name','0',NULL,'text',NULL,'0',NULL,NULL,NULL,NULL,0,NULL,NULL,0,NULL,NULL,'varchar',45,NULL,NULL,NULL,NULL,NULL,NULL,NULL),('030acc4ab4c811e9a8c9e0d55e861391','qinyoyo.pay_corporation',40,'address','地址','address','0',NULL,'text',NULL,'0',NULL,NULL,NULL,NULL,0,NULL,NULL,0,NULL,NULL,'varchar',45,NULL,NULL,NULL,NULL,NULL,NULL,NULL),('030b20b6b4c811e9a8c9e0d55e861391','qinyoyo.pay_corporation',50,'linkman','联系人','linkman','0',NULL,'text',NULL,'0',NULL,NULL,NULL,NULL,0,NULL,NULL,0,NULL,NULL,'varchar',45,NULL,NULL,NULL,NULL,NULL,NULL,NULL),('030b682fb4c811e9a8c9e0d55e861391','qinyoyo.pay_corporation',60,'linkphone','联系电话','linkphone','0','','tel','','0','','','','',0,'','',0,'','','varchar',45,NULL,NULL,NULL,NULL,NULL,NULL,NULL),('030baa5eb4c811e9a8c9e0d55e861391','qinyoyo.pay_corporation',20,'parentId','上级公司','parent_id','0','','select','','1','','','pay_corporation','id',0,'name','',0,'parent_id','id','int',NULL,NULL,NULL,NULL,NULL,NULL,NULL,NULL),('058c076d721b11e9bb18e0d55e861391','qinyoyo.cg_project',50,'name','项目名称','name','0','','text','','0','[a-z][\\-,a-z,0-9]*','请使用小写英文单词、数字和-定义项目','','',0,'','',0,'','','varchar',36,NULL,NULL,NULL,NULL,NULL,NULL,NULL),('06ba8dab417811e9a6388a150d8c204c','qinyoyo.sys_action',100,'htmlNote','注意','','0','','html','title','0','','<p class=\"text-warning\">数据由系统自动产生。描述可以任意修改，其他参数不可随意修改</p>','','',0,'',NULL,0,'','','int',NULL,NULL,NULL,NULL,NULL,NULL,NULL,NULL),('06e16e7cecc911e9ab67e0d55e861391','qinyoyo.pay_bill',110,'projectPrice','产品单价','project_price','0',NULL,'number','%d','0','1,,1',NULL,NULL,NULL,0,NULL,NULL,0,NULL,NULL,'int',NULL,10,0,NULL,NULL,NULL,NULL,NULL),('0b3721b1b4c811e9a8c9e0d55e861391','qinyoyo.pay_login',10,'id','ID','id','1',NULL,'number','%d','0','0,,1',NULL,NULL,NULL,0,NULL,NULL,0,NULL,NULL,'int',NULL,10,0,NULL,NULL,NULL,NULL,NULL),('0b376981b4c811e9a8c9e0d55e861391','qinyoyo.pay_login',20,'posId','pos终端','pos_id','0','','text','%d','0','','','pay_pos','id',0,'name','',0,'','','int',NULL,10,0,'',NULL,'','',NULL),('0b37b32db4c811e9a8c9e0d55e861391','qinyoyo.pay_login',30,'shopId','商店','shop_id','0','','select','%d','0','','','pay_shop','id',0,'name','',0,'','','int',NULL,10,0,NULL,NULL,NULL,NULL,NULL),('0b37f9f7b4c811e9a8c9e0d55e861391','qinyoyo.pay_login',40,'operatorId','操作人员','operator_id','0','','left_join','%d','0','','','payOperator','id',0,'name','',0,'','','int',NULL,10,0,NULL,NULL,NULL,NULL,NULL),('0b38368ab4c811e9a8c9e0d55e861391','qinyoyo.pay_login',60,'loginTime','签到时间','login_time','0',NULL,'datetime','','0',NULL,NULL,NULL,NULL,0,NULL,NULL,0,NULL,NULL,'datetime',NULL,NULL,NULL,NULL,NULL,NULL,NULL,NULL),('0b388118b4c811e9a8c9e0d55e861391','qinyoyo.pay_login',70,'logoutTime','签退时间','logout_time','0',NULL,'datetime','','1',NULL,NULL,NULL,NULL,0,NULL,NULL,0,NULL,NULL,'datetime',NULL,NULL,NULL,NULL,NULL,NULL,NULL,NULL),('0b38c6f8b4c811e9a8c9e0d55e861391','qinyoyo.pay_login',80,'deviceStream','设备流水号','device_stream','0',NULL,'text',NULL,'1',NULL,NULL,NULL,NULL,0,NULL,NULL,0,NULL,NULL,'varchar',45,NULL,NULL,NULL,NULL,NULL,NULL,NULL),('0b39098bb4c811e9a8c9e0d55e861391','qinyoyo.pay_login',90,'randomNo','随机密钥','random_no','0','','text','','0','','','','',0,'','',0,'','','varchar',45,NULL,NULL,'',NULL,'','',NULL),('0b3947ffb4c811e9a8c9e0d55e861391','qinyoyo.pay_login',100,'appVersion','应用版本号','app_version','0',NULL,'text',NULL,'0',NULL,NULL,NULL,NULL,0,NULL,NULL,0,NULL,NULL,'varchar',45,NULL,NULL,NULL,NULL,NULL,NULL,NULL),('0b3988b7b4c811e9a8c9e0d55e861391','qinyoyo.pay_login',50,'batchNo','批次号','batch_no','0',NULL,'text',NULL,'0',NULL,NULL,NULL,NULL,0,NULL,NULL,0,NULL,NULL,'varchar',45,NULL,NULL,NULL,NULL,NULL,NULL,NULL),('0b3a4542b4c811e9a8c9e0d55e861391','qinyoyo.pay_login',110,'tradeCount','交易次数','trade_count','0','0','number','%d','0','0,,1',NULL,NULL,NULL,0,NULL,NULL,0,NULL,NULL,'int',NULL,10,0,NULL,NULL,NULL,NULL,NULL),('0b3a8b52b4c811e9a8c9e0d55e861391','qinyoyo.pay_login',120,'failureCount','失败次数','failure_count','0','0','number','%d','0','0,,1',NULL,NULL,NULL,0,NULL,NULL,0,NULL,NULL,'int',NULL,10,0,NULL,NULL,NULL,NULL,NULL),('107c468f22c911ea9ebce0d55e861391','qinyoyo.cg_list_field',140,'editInline','行内编辑','edit_inline','0','0','boolean',NULL,'0',NULL,NULL,NULL,NULL,0,NULL,NULL,0,NULL,NULL,'tinyint(1)',NULL,3,0,NULL,NULL,NULL,NULL,NULL),('10f05f38721b11e9bb18e0d55e861391','qinyoyo.cg_project',80,'modules','包含的iotequ模块','modules','0','framework','select','','1','','','cg_modules','',1,'','',1,'','','varchar',200,NULL,NULL,NULL,NULL,NULL,NULL,NULL),('11d31d68446011e98b998a150d8c204c','qinyoyo.cg_field',180,'dynaCondition','动态条件','dyna_condition','0','','text','','1','','sql查询的附加条件,用${entityName}来引用表单值或系统参数,如 org_code=${orgCode} and name = ${System.user.realName}/1.为打开表单提供初始查询条件的序列如 a,b=c 其中ac为关联表字段，ab为本表字段 2.f:调用系统函数getWhereStringForJoinFunction','','',0,'','',0,'','','varchar',200,NULL,NULL,NULL,NULL,NULL,NULL,NULL),('152322acaea311e9b18be0d55e861391','qinyoyo.cg_table',180,'pojoJavaCode','pojo自定义代码','pojo_java_code','0',NULL,'textarea',NULL,'1',NULL,NULL,NULL,NULL,0,NULL,NULL,0,NULL,NULL,'longtext',NULL,NULL,NULL,NULL,NULL,NULL,NULL,NULL),('15237e93aea311e9b18be0d55e861391','qinyoyo.cg_table',160,'pojoImports','pojo基类列表','pojo_imports','0','','text','','1','','','','',0,'','',0,'','','varchar',500,NULL,NULL,NULL,NULL,NULL,NULL,NULL),('1523cfd4aea311e9b18be0d55e861391','qinyoyo.cg_table',170,'pojoExtends','pojo实现接口和继承类','pojo_extends','0',NULL,'text',NULL,'1',NULL,NULL,NULL,NULL,0,NULL,NULL,0,NULL,NULL,'varchar',200,NULL,NULL,NULL,NULL,NULL,NULL,NULL),('15241fc3aea311e9b18be0d55e861391','qinyoyo.cg_table',150,'controllerExtends','controller基类以及实现接口','controller_extends','0',NULL,'text',NULL,'1',NULL,NULL,NULL,NULL,0,NULL,NULL,0,NULL,NULL,'varchar',200,NULL,NULL,NULL,NULL,NULL,NULL,NULL),('15c71f80b4c811e9a8c9e0d55e861391','qinyoyo.pay_operator',10,'id','','id','1',NULL,'number','%d','0','0,,1',NULL,NULL,NULL,0,NULL,NULL,0,NULL,NULL,'int',NULL,10,0,NULL,NULL,NULL,NULL,NULL),('15c75cdfb4c811e9a8c9e0d55e861391','qinyoyo.pay_operator',20,'name','登录名','name','4',NULL,'text',NULL,'0',NULL,NULL,NULL,NULL,0,NULL,NULL,0,NULL,NULL,'varchar',45,NULL,NULL,NULL,NULL,NULL,NULL,NULL),('15c795c2b4c811e9a8c9e0d55e861391','qinyoyo.pay_operator',30,'realName','真实名','real_name','0',NULL,'text',NULL,'0',NULL,NULL,NULL,NULL,0,NULL,NULL,0,NULL,NULL,'varchar',45,NULL,NULL,NULL,NULL,NULL,NULL,NULL),('15c7d406b4c811e9a8c9e0d55e861391','qinyoyo.pay_operator',50,'shopId','所属店铺','shop_id','0','','select','%d','0','','','pay_shop','id',0,'name','',0,'','','int',NULL,10,0,'pay_shop','id','NO ACTION','NO ACTION',NULL),('15c81652b4c811e9a8c9e0d55e861391','qinyoyo.pay_operator',40,'password','密码','password','0','','password','','0','','','','',0,'','',0,'','','varchar',45,NULL,NULL,NULL,NULL,NULL,NULL,NULL),('17fc6a9b508b11eaae7fac220b822a69','qinyoyo.cg_project',90,'springModule','spring模块','spring_module','0','0','boolean',NULL,'0',NULL,NULL,NULL,NULL,0,NULL,NULL,0,NULL,NULL,'tinyint(1)',1,NULL,NULL,NULL,NULL,NULL,NULL,NULL),('19797b715cf711eabde7e0d55e861391','qinyoyo.cg_project',400,'test','test依赖模块','test','0','0','boolean',NULL,'0',NULL,NULL,NULL,NULL,0,NULL,NULL,0,NULL,NULL,'tinyint(1)',NULL,3,0,NULL,NULL,NULL,NULL,NULL),('1b67277317dc11eabc2fe0d55e861391','qinyoyo.cg_form_field',60,'groupTitle','分组标签','group_title','0',NULL,'text',NULL,'1',NULL,NULL,NULL,NULL,0,NULL,NULL,0,NULL,NULL,'varchar',45,NULL,NULL,NULL,NULL,NULL,NULL,NULL),('20ca40f1ba4711e9ae42e0d55e861391','qinyoyo.pay_user',160,'activeSince','生效时间','active_since','0',NULL,'datetime','','1',NULL,NULL,NULL,NULL,0,NULL,NULL,0,NULL,NULL,'datetime',NULL,NULL,NULL,NULL,NULL,NULL,NULL,NULL),('20ca7cb0ba4711e9ae42e0d55e861391','qinyoyo.pay_user',170,'expireAt','有效期限','expire_at','0',NULL,'datetime','','1',NULL,NULL,NULL,NULL,0,NULL,NULL,0,NULL,NULL,'datetime',NULL,NULL,NULL,NULL,NULL,NULL,NULL,NULL),('24fdcde73a2511e9b1718a150d8c204c','qinyoyo.ad_employee',310,'shiftId','考勤排班','shift_id','0','','select','%d','1','','','ad_shift','id',0,'name',NULL,0,'','','int',NULL,10,0,NULL,NULL,NULL,NULL,NULL),('2a01d528b1a011e9a5ec8a150d8fb170','qinyoyo.pay_user',140,'costLimit','消费限额','cost_limit','0','0','number','%d','0','0,,1','只能输入非负整数,0表示不限制','','',0,'','',0,'','','int',NULL,10,0,'',NULL,'','',NULL),('2a02220bb1a011e9a5ec8a150d8fb170','qinyoyo.pay_user',150,'dayLimit','日限额','day_limit','0','0','number','%d','0','0,,1','只能输入非负整数,0表示不限制','','',0,'','',0,'','','int',NULL,10,0,'',NULL,'','',NULL),('2abd732dad1d11e98943e0d55e861391','qinyoyo.pay_count_project',10,'id','编号','id','1',NULL,'number','%d','0','0,,1',NULL,NULL,NULL,0,NULL,NULL,0,NULL,NULL,'int',NULL,10,0,NULL,NULL,NULL,NULL,NULL),('2abdeeefad1d11e98943e0d55e861391','qinyoyo.pay_count_project',30,'name','消费名称','name','0',NULL,'text',NULL,'0',NULL,NULL,NULL,NULL,0,NULL,NULL,0,NULL,NULL,'varchar',45,NULL,NULL,NULL,NULL,NULL,NULL,NULL),('2abe6d9cad1d11e98943e0d55e861391','qinyoyo.pay_count_project',50,'baseValue','基本消费单元','base_value','0','1','number','%d','0','0,,1',NULL,NULL,NULL,0,NULL,NULL,0,NULL,NULL,'int',NULL,10,0,NULL,NULL,NULL,NULL,NULL),('2abeb45bad1d11e98943e0d55e861391','qinyoyo.pay_count_project',60,'bonusPoint','每单元默认积分数','bonus_point','0','','number','','0','^(\\-|\\+)?\\d+(\\.\\d+)?$','','','',0,'','',0,'','','double(12,2)',NULL,12,NULL,NULL,NULL,NULL,NULL,NULL),('2ad225954c9711eaa544ac220b822a69','qinyoyo.cg_form',10,'id','ID','id','3',NULL,'text',NULL,'0',NULL,NULL,NULL,NULL,0,NULL,NULL,0,NULL,NULL,'varchar',64,NULL,NULL,NULL,NULL,NULL,NULL,NULL),('2ad82f344c9711eaa544ac220b822a69','qinyoyo.cg_list',10,'id','ID','id','3',NULL,'text',NULL,'0',NULL,NULL,NULL,NULL,0,NULL,NULL,0,NULL,NULL,'varchar',64,NULL,NULL,NULL,NULL,NULL,NULL,NULL),('2b15dc01b4c811e9a8c9e0d55e861391','qinyoyo.pay_pos',10,'id','','id','1',NULL,'number','%d','0','0,,1',NULL,NULL,NULL,0,NULL,NULL,0,NULL,NULL,'int',NULL,10,0,NULL,NULL,NULL,NULL,NULL),('2b1632c5b4c811e9a8c9e0d55e861391','qinyoyo.pay_pos',20,'no','终端编号','no','4',NULL,'text',NULL,'0',NULL,NULL,NULL,NULL,0,NULL,NULL,0,NULL,NULL,'varchar',45,NULL,NULL,NULL,NULL,NULL,NULL,NULL),('2b1675d4b4c811e9a8c9e0d55e861391','qinyoyo.pay_pos',30,'shopId','归属商店','shop_id','0','','select','%d','0','','','pay_shop','id',0,'name','',0,'','','int',NULL,10,0,'pay_shop','id','NO ACTION','NO ACTION',NULL),('2b16b112b4c811e9a8c9e0d55e861391','qinyoyo.pay_pos',40,'securityCode','安全码','security_code','0',NULL,'text',NULL,'1',NULL,NULL,NULL,NULL,0,NULL,NULL,0,NULL,NULL,'varchar',45,NULL,NULL,NULL,NULL,NULL,NULL,NULL),('2b16eafdb4c811e9a8c9e0d55e861391','qinyoyo.pay_pos',50,'workCode','工作密钥','work_code','0',NULL,'text',NULL,'1',NULL,NULL,NULL,NULL,0,NULL,NULL,0,NULL,NULL,'varchar',45,NULL,NULL,NULL,NULL,NULL,NULL,NULL),('2b172103b4c811e9a8c9e0d55e861391','qinyoyo.pay_pos',60,'loginId','签到ID','login_id','0','','number','','1','0,,1','','','',0,'','',0,'','','int',NULL,3,0,NULL,NULL,NULL,NULL,NULL),('2b6df1134d3b11eabedbac220b822a69','qinyoyo.cg_project',10,'id','id','id','3',NULL,'text',NULL,'0',NULL,NULL,NULL,NULL,0,NULL,NULL,0,NULL,NULL,'varchar',36,NULL,NULL,NULL,NULL,NULL,NULL,NULL),('2d8d7cb4b1a011e9a5ec8a150d8fb170','qinyoyo.pay_user_count',70,'costLimit','消费限额','cost_limit','0','0','number','%d','0','0,,1','只能输入非负整数,0表示不限制','','',0,'','',0,'','','int',NULL,10,0,'',NULL,'','',NULL),('2d8ddec5b1a011e9a5ec8a150d8fb170','qinyoyo.pay_user_count',80,'dayLimit','日限额','day_limit','0','0','number','%d','0','0,,1','只能输入非负整数,0表示不限制','','',0,'','',0,'','','int',NULL,10,0,'',NULL,'','',NULL),('306ee3f0b1a011e9a5ec8a150d8fb170','qinyoyo.pay_user_time',70,'costLimit','消费限额','cost_limit','0','0','number','%d','0','0,,1','只能输入非负整数,0表示不限制','','',0,'','',0,'','','int',NULL,10,0,'',NULL,'','',NULL),('306f2982b1a011e9a5ec8a150d8fb170','qinyoyo.pay_user_time',80,'dayLimit','日限额','day_limit','0','0','number','%d','0','0,,1','只能输入非负整数,0表示不限制','','',0,'','',0,'','','int',NULL,10,0,'',NULL,'','',NULL),('3269a6e6b4c811e9a8c9e0d55e861391','qinyoyo.pay_shop',10,'id','ID','id','1','','number','%d','0','0,,1','','','',0,'','',0,'','','int',NULL,10,0,NULL,NULL,NULL,NULL,NULL),('3269f22db4c811e9a8c9e0d55e861391','qinyoyo.pay_shop',30,'name','店名','name','0',NULL,'text',NULL,'0',NULL,NULL,NULL,NULL,0,NULL,NULL,0,NULL,NULL,'varchar',45,NULL,NULL,NULL,NULL,NULL,NULL,NULL),('326a37ceb4c811e9a8c9e0d55e861391','qinyoyo.pay_shop',20,'corporationId','归属公司','corporation_id','0','','select','%d','0','','','pay_corporation','id',0,'name','',0,'parent_id','','int',NULL,10,0,'pay_corporation','id','NO ACTION','NO ACTION',NULL),('326a7be9b4c811e9a8c9e0d55e861391','qinyoyo.pay_shop',60,'address','地址','address','0',NULL,'text',NULL,'0',NULL,NULL,NULL,NULL,0,NULL,NULL,0,NULL,NULL,'varchar',45,NULL,NULL,NULL,NULL,NULL,NULL,NULL),('326acf93b4c811e9a8c9e0d55e861391','qinyoyo.pay_shop',40,'linkman','联系人','linkman','0',NULL,'text',NULL,'0',NULL,NULL,NULL,NULL,0,NULL,NULL,0,NULL,NULL,'varchar',45,NULL,NULL,NULL,NULL,NULL,NULL,NULL),('326b1090b4c811e9a8c9e0d55e861391','qinyoyo.pay_shop',50,'linkPhone','联系电话','link_phone','0',NULL,'text',NULL,'0',NULL,NULL,NULL,NULL,0,NULL,NULL,0,NULL,NULL,'varchar',45,NULL,NULL,NULL,NULL,NULL,NULL,NULL),('332c592dad1d11e98943e0d55e861391','qinyoyo.pay_device',10,'id','','id','1',NULL,'number','%d','0','0,,1',NULL,NULL,NULL,0,NULL,NULL,0,NULL,NULL,'int',NULL,10,0,NULL,NULL,NULL,NULL,NULL),('332ca862ad1d11e98943e0d55e861391','qinyoyo.pay_device',20,'deviceNo','设备号','device_no','0',NULL,'text',NULL,'0',NULL,NULL,NULL,NULL,0,NULL,NULL,0,NULL,NULL,'varchar',45,NULL,NULL,NULL,NULL,NULL,NULL,NULL),('332cdd85ad1d11e98943e0d55e861391','qinyoyo.pay_device',30,'shopId','商家编号','shop_id','0',NULL,'text',NULL,'0',NULL,NULL,NULL,NULL,0,NULL,NULL,0,NULL,NULL,'varchar',45,NULL,NULL,NULL,NULL,NULL,NULL,NULL),('332d0cb4ad1d11e98943e0d55e861391','qinyoyo.pay_device',40,'privilegeList','消费权限','privilege_list','0','','checkbox','','0','','','','1,2,3',0,'金额消费,计次消费,计时消费','',0,'','','varchar',64,NULL,NULL,NULL,NULL,NULL,NULL,NULL),('39af788806ca11ea8d91e0d55e861391','qinyoyo.sys_route',10,'id','ID','id','1',NULL,'number','%d','0',NULL,NULL,NULL,NULL,0,NULL,NULL,0,NULL,NULL,'int',NULL,10,0,NULL,NULL,NULL,NULL,NULL),('39aff9ed06ca11ea8d91e0d55e861391','qinyoyo.sys_route',20,'path','路径','path','4',NULL,'text',NULL,'0',NULL,NULL,NULL,NULL,0,NULL,NULL,0,NULL,NULL,'varchar',200,NULL,NULL,NULL,NULL,NULL,NULL,NULL),('39b06bc506ca11ea8d91e0d55e861391','qinyoyo.sys_route',30,'name','名称','name','4',NULL,'text',NULL,'0',NULL,NULL,NULL,NULL,0,NULL,NULL,0,NULL,NULL,'varchar',100,NULL,NULL,NULL,NULL,NULL,NULL,NULL),('39b0c33106ca11ea8d91e0d55e861391','qinyoyo.sys_route',40,'component','组件','component','0','Layout','text',NULL,'0',NULL,NULL,NULL,NULL,0,NULL,NULL,0,NULL,NULL,'varchar',200,NULL,NULL,NULL,NULL,NULL,NULL,NULL),('39b11aac06ca11ea8d91e0d55e861391','qinyoyo.sys_route',50,'title','标题','title','0',NULL,'text',NULL,'0',NULL,NULL,NULL,NULL,0,NULL,NULL,0,NULL,NULL,'varchar',100,NULL,NULL,NULL,NULL,NULL,NULL,NULL),('39b1837a06ca11ea8d91e0d55e861391','qinyoyo.sys_route',60,'breadcrumbShow','面包屑显示','breadcrumb_show','0','1','boolean',NULL,'0',NULL,NULL,NULL,NULL,0,NULL,NULL,0,NULL,NULL,'tinyint(1)',NULL,3,0,NULL,NULL,NULL,NULL,NULL),('39b1e3c106ca11ea8d91e0d55e861391','qinyoyo.sys_route',70,'needCache','需要缓存','need_cache','0','1','boolean',NULL,'0',NULL,NULL,NULL,NULL,0,NULL,NULL,0,NULL,NULL,'tinyint(1)',NULL,3,0,NULL,NULL,NULL,NULL,NULL),('39b2365706ca11ea8d91e0d55e861391','qinyoyo.sys_route',80,'tagView','标签显示','tag_view','0','1','boolean',NULL,'0',NULL,NULL,NULL,NULL,0,NULL,NULL,0,NULL,NULL,'tinyint(1)',NULL,3,0,NULL,NULL,NULL,NULL,NULL),('3b40cfe4de6b11e9a63fe0d55e861391','qinyoyo.pay_pos',80,'ewalletActive','钱包账户可用','ewallet_active','0','1','boolean',NULL,'0',NULL,NULL,NULL,NULL,0,NULL,NULL,0,NULL,NULL,'tinyint(1)',NULL,3,0,NULL,NULL,NULL,NULL,NULL),('3b415692de6b11e9a63fe0d55e861391','qinyoyo.pay_pos',90,'countProjectList','可用计次项目列表','count_project_list','0','','select','','1','','','SELECT id as value,name as text FROM ew_count_project order by value','value',1,'text','',0,'','','varchar',200,NULL,NULL,NULL,NULL,NULL,NULL,NULL),('3b41c294de6b11e9a63fe0d55e861391','qinyoyo.pay_pos',100,'timeProjectList','可用计时项目列表','time_project_list','0','','select','','1','','','SELECT id as value,name as text FROM ew_time_project order by value','value',1,'text','',0,'','','varchar',200,NULL,NULL,NULL,NULL,NULL,NULL,NULL),('3cc6f99422bb11ea9ebce0d55e861391','qinyoyo.cg_form_field',90,'readonly','只读','readonly','0','0','boolean',NULL,'0',NULL,NULL,NULL,NULL,0,NULL,NULL,0,NULL,NULL,'tinyint(1)',NULL,3,0,NULL,NULL,NULL,NULL,NULL),('3cc749e622bb11ea9ebce0d55e861391','qinyoyo.cg_form_field',100,'mustInput','必填','must_input','0','0','boolean',NULL,'0',NULL,NULL,NULL,NULL,0,NULL,NULL,0,NULL,NULL,'tinyint(1)',NULL,3,0,NULL,NULL,NULL,NULL,NULL),('3e4cf70cadb511e9846ce0d55e861391','qinyoyo.pay_bill',10,'no','流水号','no','3',NULL,'text',NULL,'0',NULL,NULL,NULL,NULL,0,NULL,NULL,0,NULL,NULL,'varchar',32,NULL,NULL,NULL,NULL,NULL,NULL,NULL),('3e4d42e3adb511e9846ce0d55e861391','qinyoyo.pay_bill',60,'dt','时间','dt','5',NULL,'datetime','','0',NULL,NULL,NULL,NULL,0,NULL,NULL,0,NULL,NULL,'datetime',NULL,NULL,NULL,NULL,NULL,NULL,NULL,NULL),('3e4d860cadb511e9846ce0d55e861391','qinyoyo.pay_bill',30,'isCharge','是否充值','is_charge','5','0','boolean',NULL,'0',NULL,NULL,NULL,NULL,0,NULL,NULL,0,NULL,NULL,'tinyint(1)',NULL,3,0,NULL,NULL,NULL,NULL,NULL),('3e4dc672adb511e9846ce0d55e861391','qinyoyo.pay_bill',70,'operationType','操作代码','operation_type','0',NULL,'number','%d','0','0,,1',NULL,NULL,NULL,0,NULL,NULL,0,NULL,NULL,'int',NULL,10,0,NULL,NULL,NULL,NULL,NULL),('3e4e0808adb511e9846ce0d55e861391','qinyoyo.pay_bill',40,'userNo','用户编号','user_no','5',NULL,'text',NULL,'0',NULL,NULL,NULL,NULL,0,NULL,NULL,0,NULL,NULL,'varchar',45,NULL,NULL,NULL,NULL,NULL,NULL,NULL),('3e4e49e5adb511e9846ce0d55e861391','qinyoyo.pay_bill',80,'costType','交易类别','cost_type','5','1','checkbox','%d','0','','','','1,2,3',0,'钱包,计次,计时','',0,'','','int',NULL,10,0,NULL,NULL,NULL,NULL,NULL),('3e4e8efeadb511e9846ce0d55e861391','qinyoyo.pay_bill',90,'projectId','交易项目','project_id','5','0','number','%d','0','0,,1',NULL,NULL,NULL,0,NULL,NULL,0,NULL,NULL,'int',NULL,10,0,NULL,NULL,NULL,NULL,NULL),('3e4ef2f9adb511e9846ce0d55e861391','qinyoyo.pay_bill',100,'projectName','交易名称','project_name','0','消费','text',NULL,'0',NULL,NULL,NULL,NULL,0,NULL,NULL,0,NULL,NULL,'varchar',45,NULL,NULL,NULL,NULL,NULL,NULL,NULL),('3e4f49d5adb511e9846ce0d55e861391','qinyoyo.pay_bill',120,'amount','交易额','amount','0',NULL,'number','%d','0','0,,1',NULL,NULL,NULL,0,NULL,NULL,0,NULL,NULL,'int',NULL,10,0,NULL,NULL,NULL,NULL,NULL),('3e4f88e5adb511e9846ce0d55e861391','qinyoyo.pay_bill',130,'amountBefore','交易前钱包值','amount_before','0',NULL,'number','%d','0','0,,1',NULL,NULL,NULL,0,NULL,NULL,0,NULL,NULL,'int',NULL,10,0,NULL,NULL,NULL,NULL,NULL),('3e4fc446adb511e9846ce0d55e861391','qinyoyo.pay_bill',140,'bonus','获得积分','bonus','0',NULL,'number','%d','0','0,,1',NULL,NULL,NULL,0,NULL,NULL,0,NULL,NULL,'int',NULL,10,0,NULL,NULL,NULL,NULL,NULL),('3e4ffd8badb511e9846ce0d55e861391','qinyoyo.pay_bill',150,'bonusBefore','交易前积分','bonus_before','0',NULL,'number','%d','0','0,,1',NULL,NULL,NULL,0,NULL,NULL,0,NULL,NULL,'int',NULL,10,0,NULL,NULL,NULL,NULL,NULL),('3e5036b0adb511e9846ce0d55e861391','qinyoyo.pay_bill',160,'deviceNo','设备编号','device_no','0',NULL,'text',NULL,'0',NULL,NULL,NULL,NULL,0,NULL,NULL,0,NULL,NULL,'varchar',45,NULL,NULL,NULL,NULL,NULL,NULL,NULL),('3e507421adb511e9846ce0d55e861391','qinyoyo.pay_bill',170,'shopId','商户编号','shop_id','5','','left_join','','0','','','payShop','id',0,'name','',0,'','','varchar',45,NULL,NULL,NULL,NULL,NULL,NULL,NULL),('3e50b15cadb511e9846ce0d55e861391','qinyoyo.pay_bill',180,'deviceStream','设备流水','device_stream','0',NULL,'text',NULL,'0',NULL,NULL,NULL,NULL,0,NULL,NULL,0,NULL,NULL,'varchar',45,NULL,NULL,NULL,NULL,NULL,NULL,NULL),('3e515be4adb511e9846ce0d55e861391','qinyoyo.pay_bill',190,'deviceDt','设备时间','device_dt','0',NULL,'datetime','','0',NULL,NULL,NULL,NULL,0,NULL,NULL,0,NULL,NULL,'datetime',NULL,NULL,NULL,NULL,NULL,NULL,NULL,NULL),('3e519eeeadb511e9846ce0d55e861391','qinyoyo.pay_bill',200,'tradeNo','订单号','trade_no','4',NULL,'text',NULL,'0',NULL,NULL,NULL,NULL,0,NULL,NULL,0,NULL,NULL,'varchar',45,NULL,NULL,NULL,NULL,NULL,NULL,NULL),('3e51f8e9adb511e9846ce0d55e861391','qinyoyo.pay_bill',210,'operatorNo','操作员编号','operator_no','5',NULL,'text',NULL,'0',NULL,NULL,NULL,NULL,0,NULL,NULL,0,NULL,NULL,'varchar',45,NULL,NULL,NULL,NULL,NULL,NULL,NULL),('3f384452b35f11e9a80be0d55e861391','qinyoyo.pay_user',20,'isActive','激活','is_active','0','1','boolean','','1','','','','',0,'','',0,'','','tinyint(1)',NULL,3,0,NULL,NULL,NULL,NULL,NULL),('42314b664d3b11eabedbac220b822a69','qinyoyo.cg_project',20,'code','代码','code','11',NULL,'text',NULL,'0','[a-z]{2,3}','项目简写,只允许2-3个小写字母',NULL,NULL,0,NULL,NULL,0,NULL,NULL,'varchar',10,NULL,NULL,NULL,NULL,NULL,NULL,NULL),('439f74be692011ea923948ba4e596d01','qinyoyo.ad_adjust',130,'addFile','附件','add_file','0',NULL,'file','.pdf,.doc,.docx,.txt,image/*','1',NULL,NULL,NULL,NULL,1,NULL,NULL,0,NULL,NULL,'varchar',200,NULL,NULL,NULL,NULL,NULL,NULL,NULL),('43b562bbad1d11e98943e0d55e861391','qinyoyo.pay_time_project',10,'id','编号','id','1',NULL,'number','%d','0','0,,1',NULL,NULL,NULL,0,NULL,NULL,0,NULL,NULL,'int',NULL,10,0,NULL,NULL,NULL,NULL,NULL),('43b5950dad1d11e98943e0d55e861391','qinyoyo.pay_time_project',30,'name','消费名称','name','0',NULL,'text',NULL,'0',NULL,NULL,NULL,NULL,0,NULL,NULL,0,NULL,NULL,'varchar',45,NULL,NULL,NULL,NULL,NULL,NULL,NULL),('43b5d005ad1d11e98943e0d55e861391','qinyoyo.pay_time_project',40,'baseValue','基本消费单元','base_value','0','60','number','%d','0','0,,1',NULL,NULL,NULL,0,NULL,NULL,0,NULL,NULL,'int',NULL,10,0,NULL,NULL,NULL,NULL,NULL),('43b60debad1d11e98943e0d55e861391','qinyoyo.pay_time_project',60,'bonusPoint','基本单元默认积分','bonus_point','0','','number','','0','^(\\-|\\+)?\\d+(\\.\\d+)?$','','','',0,'','',0,'','','double(12,2)',NULL,12,NULL,NULL,NULL,NULL,NULL,NULL),('461b8fe98ccf11e9a3fde0d55e861391','qinyoyo.pm_version_application',10,'id','id','id','2',NULL,'text',NULL,'0',NULL,NULL,NULL,NULL,0,NULL,NULL,0,NULL,NULL,'char',36,NULL,NULL,NULL,NULL,NULL,NULL,NULL),('461bfe0e8ccf11e9a3fde0d55e861391','qinyoyo.pm_version_application',30,'flowState','状态','flow_state','0','1','select',NULL,'0',NULL,NULL,'f:flowService.getStates()',NULL,0,NULL,NULL,0,NULL,NULL,'int',NULL,10,0,NULL,NULL,NULL,NULL,NULL),('461c7ce38ccf11e9a3fde0d55e861391','qinyoyo.pm_version_application',40,'flowRegisterTime','申请时间','flow_register_time','0','f:new Date()','datetime',NULL,'0',NULL,NULL,NULL,NULL,0,NULL,NULL,0,NULL,NULL,'datetime',NULL,NULL,NULL,NULL,NULL,NULL,NULL,NULL),('461cc0468ccf11e9a3fde0d55e861391','qinyoyo.pm_version_application',50,'flowRegisterBy','申请人','flow_register_by','0','f:Util.getUser().getId()','left_join',NULL,'0',NULL,NULL,'userJoin','id',0,'register_by_name=real_name',NULL,0,NULL,NULL,'varchar',45,NULL,NULL,NULL,NULL,NULL,NULL,NULL),('461d04028ccf11e9a3fde0d55e861391','qinyoyo.pm_version_application',150,'flowNextOperator','即将处理人','flow_next_operator','0',NULL,'left_join',NULL,'1',NULL,NULL,'userJoin','id',0,'next_operator_name=realName',NULL,0,NULL,NULL,'varchar',45,NULL,NULL,NULL,NULL,NULL,NULL,NULL),('461d43778ccf11e9a3fde0d55e861391','qinyoyo.pm_version_application',160,'flowCopyToList','抄送列表','flow_copy_to_list','0',NULL,'dict_list',NULL,'1',NULL,NULL,'userJoin','id',0,'realName',NULL,0,NULL,NULL,'varchar',100,NULL,NULL,NULL,NULL,NULL,NULL,NULL),('461d830a8ccf11e9a3fde0d55e861391','qinyoyo.pm_version_application',130,'flowNote','已处理意见','flow_note','0',NULL,'textarea',NULL,'1',NULL,NULL,NULL,NULL,0,NULL,NULL,0,NULL,NULL,'varchar',1000,NULL,NULL,NULL,NULL,NULL,NULL,NULL),('461dc3ba8ccf11e9a3fde0d55e861391','qinyoyo.pm_version_application',60,'project','项目','project','5','','select','','0','','','SELECT * FROM pm_project where flow_state=8','id',0,'name','',0,'','','varchar',36,NULL,NULL,NULL,NULL,NULL,NULL,NULL),('461e00e48ccf11e9a3fde0d55e861391','qinyoyo.pm_version_application',70,'applicationType','申请类别','application_type','0','','select','%d','0','','','pm_va_type','',0,'','',0,'','','int',NULL,10,0,NULL,NULL,NULL,NULL,NULL),('461e3c868ccf11e9a3fde0d55e861391','qinyoyo.pm_version_application',80,'customer','使用单位','customer','0','','text','','0','','','','',0,'','',0,'','','varchar',20,NULL,NULL,NULL,NULL,NULL,NULL,NULL),('461e79948ccf11e9a3fde0d55e861391','qinyoyo.pm_version_application',90,'licence','授权说明','licence','0','','text','','0','','输入完整的licence授权需求','','',0,'','',0,'','','varchar',100,NULL,NULL,NULL,NULL,NULL,NULL,NULL),('461eb6858ccf11e9a3fde0d55e861391','qinyoyo.pm_version_application',100,'contractNo','合同号','contract_no','0',NULL,'text',NULL,'1',NULL,NULL,NULL,NULL,0,NULL,NULL,0,NULL,NULL,'varchar',45,NULL,NULL,NULL,NULL,NULL,NULL,NULL),('461efac78ccf11e9a3fde0d55e861391','qinyoyo.pm_version_application',120,'versionInfo','发放版本号详情','version_info','0','','textarea','','1','','版本发放时必须详细填写版本发放的版本详情','','',0,'','',0,'','','varchar',200,NULL,NULL,NULL,NULL,NULL,NULL,NULL),('461f42cd8ccf11e9a3fde0d55e861391','qinyoyo.pm_version_application',140,'addFile','附件','add_file','0','','file','.pdf,.doc,.docx,.xls,.xlsx,.ppt,.pptx,.txt','1','','','','',1,'','',0,'','','varchar',200,NULL,NULL,NULL,NULL,NULL,NULL,NULL),('461f86878ccf11e9a3fde0d55e861391','qinyoyo.pm_version_application',20,'flowOperations','操作',NULL,'0',NULL,'text',NULL,'1',NULL,NULL,NULL,NULL,0,NULL,NULL,0,NULL,NULL,'varchar',45,NULL,NULL,NULL,NULL,NULL,NULL,NULL),('46f25d8ede7211e9a63fe0d55e861391','qinyoyo.pay_count_project',40,'basePrice','基础价格','base_price','0','10','number','%d','0','0,,1',NULL,NULL,NULL,0,NULL,NULL,0,NULL,NULL,'int',NULL,10,0,NULL,NULL,NULL,NULL,NULL),('4a4ac0c8de7211e9a63fe0d55e861391','qinyoyo.pay_time_project',50,'basePrice','基础价格','base_price','0','10','number','%d','0','0,,1',NULL,NULL,NULL,0,NULL,NULL,0,NULL,NULL,'int',NULL,10,0,NULL,NULL,NULL,NULL,NULL),('4a9265478cd211e9a3fde0d55e861391','qinyoyo.pm_version_application',110,'description','详情描述','description','0','','textarea','','0','','版本申请的详细情况、原因、理由等','','',0,'','',0,'','','varchar',200,NULL,NULL,NULL,NULL,NULL,NULL,NULL),('4bdd3bb7ad1d11e98943e0d55e861391','qinyoyo.pay_user',10,'userNo','账户号','user_no','3',NULL,'text',NULL,'0',NULL,NULL,NULL,NULL,0,NULL,NULL,0,NULL,NULL,'varchar',32,NULL,NULL,NULL,NULL,NULL,NULL,NULL),('4bdd7d65ad1d11e98943e0d55e861391','qinyoyo.pay_user',30,'name','姓名','name','0','','text','','0','','','','',0,'','',0,'','','varchar',32,NULL,NULL,NULL,NULL,NULL,NULL,NULL),('4bddb1d7ad1d11e98943e0d55e861391','qinyoyo.pay_user',40,'gender','性别','gender','0','','radio','%d','0','','','sys_sex','',0,'','',0,'','','int',NULL,10,0,NULL,NULL,NULL,NULL,NULL),('4bdde024ad1d11e98943e0d55e861391','qinyoyo.pay_user',100,'birthDate','生日','birth_date','0',NULL,'date','','1',NULL,NULL,NULL,NULL,0,NULL,NULL,0,NULL,NULL,'date',NULL,NULL,NULL,NULL,NULL,NULL,NULL,NULL),('4bde0bf8ad1d11e98943e0d55e861391','qinyoyo.pay_user',70,'mobilePhone','手机号码','mobile_phone','4',NULL,'text',NULL,'1',NULL,NULL,NULL,NULL,0,NULL,NULL,0,NULL,NULL,'varchar',45,NULL,NULL,NULL,NULL,NULL,NULL,NULL),('4bde3c8aad1d11e98943e0d55e861391','qinyoyo.pay_user',80,'email','邮箱','email','4',NULL,'text',NULL,'1',NULL,NULL,NULL,NULL,0,NULL,NULL,0,NULL,NULL,'varchar',45,NULL,NULL,NULL,NULL,NULL,NULL,NULL),('4bde657fad1d11e98943e0d55e861391','qinyoyo.pay_user',90,'wechatOpenid','微信号','wechat_openid','4','','false_if_null','','1','','','','',0,'','',0,'','','varchar',45,NULL,NULL,NULL,NULL,NULL,NULL,NULL),('4bde8c57ad1d11e98943e0d55e861391','qinyoyo.pay_user',110,'memberGroup','会员级别','member_group','0',NULL,'text',NULL,'1',NULL,NULL,NULL,NULL,0,NULL,NULL,0,NULL,NULL,'varchar',45,NULL,NULL,NULL,NULL,NULL,NULL,NULL),('4bdeb663ad1d11e98943e0d55e861391','qinyoyo.pay_user',130,'amountMoney','余额','amount_money','0','0','number','%d','0','0,,1','','','',0,'','',0,'','','int',NULL,10,0,NULL,NULL,NULL,NULL,NULL),('4bdeee32ad1d11e98943e0d55e861391','qinyoyo.pay_user',120,'bonusPoint','积分','bonus_point','0','0','number','%d','0','0,,1','','','',0,'','',0,'','','int',NULL,10,0,NULL,NULL,NULL,NULL,NULL),('4bdf1c96ad1d11e98943e0d55e861391','qinyoyo.pay_user',180,'checkCode','检验码','check_code','0',NULL,'text',NULL,'0',NULL,NULL,NULL,NULL,0,NULL,NULL,0,NULL,NULL,'varchar',45,NULL,NULL,NULL,NULL,NULL,NULL,NULL),('51192b1e2bd711ea9f1648ba4e596d01','qinyoyo.cg_field',300,'defaultQueryValue','','default_query_value','0',NULL,'text',NULL,'1',NULL,NULL,NULL,NULL,0,NULL,NULL,0,NULL,NULL,'varchar',45,NULL,NULL,NULL,NULL,NULL,NULL,NULL),('511bc44d2bd711ea9f1648ba4e596d01','qinyoyo.cg_form',150,'slotTemplates','slot模板','slot_templates','0',NULL,'text',NULL,'1',NULL,NULL,NULL,NULL,0,NULL,NULL,0,NULL,NULL,'longtext',NULL,NULL,NULL,NULL,NULL,NULL,NULL,NULL),('529a4dc8513111ea882eac220b822a69','qinyoyo.cg_project',200,'mavenServer','内部maven库地址','maven_server','0',NULL,'url',NULL,'1',NULL,NULL,NULL,NULL,0,NULL,NULL,0,NULL,NULL,'varchar',100,NULL,NULL,NULL,NULL,NULL,NULL,NULL),('55a37c6dad1d11e98943e0d55e861391','qinyoyo.pay_user_count',10,'id','','id','1',NULL,'number','%d','0','0,,1',NULL,NULL,NULL,0,NULL,NULL,0,NULL,NULL,'int',NULL,10,0,NULL,NULL,NULL,NULL,NULL),('55a3b661ad1d11e98943e0d55e861391','qinyoyo.pay_user_count',20,'userNo','账户','user_no','11',NULL,'left_join',NULL,'0',NULL,NULL,'ewUser','userNo',0,'user_name=name,memberGroup,user_is_active=isActive',NULL,0,NULL,NULL,'varchar',45,NULL,NULL,'ew_user','user_no','NO ACTION','NO ACTION',NULL),('55a3e943ad1d11e98943e0d55e861391','qinyoyo.pay_user_count',30,'countId','计次项目','count_id','11',NULL,'left_join',NULL,'0',NULL,NULL,'ewCountProject','id',0,'project_name=name,basePrice,startTime,endTime',NULL,0,NULL,NULL,'int',NULL,10,0,'ew_count_project','id','NO ACTION','NO ACTION',NULL),('55a41813ad1d11e98943e0d55e861391','qinyoyo.pay_user_count',40,'amountCount','计次总数','amount_count','0','0','number','%d','0','0,,1','','','',0,'','',0,'','','int',NULL,10,0,NULL,NULL,NULL,NULL,NULL),('55a44582ad1d11e98943e0d55e861391','qinyoyo.pay_user_count',50,'checkCode','检验码','check_code','0',NULL,'text',NULL,'0',NULL,NULL,NULL,NULL,0,NULL,NULL,0,NULL,NULL,'varchar',45,NULL,NULL,NULL,NULL,NULL,NULL,NULL),('5a1bf5c64d3b11eabedbac220b822a69','qinyoyo.cg_project',30,'creator','创建人','creator','11','js:this.$store.state.user.name','text',NULL,'0',NULL,NULL,NULL,NULL,0,NULL,NULL,0,NULL,NULL,'varchar',36,NULL,NULL,NULL,NULL,NULL,NULL,NULL),('5a52c632051c11eaa133e0d55e861391','qinyoyo.cg_form',30,'path','路径','path','11','record','text',NULL,'0','js:(this.record.isFlow && /^[a-z][a-zA-Z0-9_]*(,[a-z][a-zA-Z0-9_]*)*$/.test(value)) || (!this.record.isFlow && /^[a-z][a-zA-Z0-9_]*$/.test(value))','只允许使用字母数字下划线并且以小写字符开始,如果为流程定义，必须为流程定义名序列(一个定义可以为多个流程共用)',NULL,NULL,0,NULL,NULL,0,NULL,NULL,'varchar',200,NULL,NULL,NULL,NULL,NULL,NULL,NULL),('5a531da7051c11eaa133e0d55e861391','qinyoyo.cg_form',40,'tableId','对应表定义','table_id','11',NULL,'select',NULL,'0',NULL,NULL,'select * from cg_table where creator=${system.user.name}','id',0,'code','',0,NULL,NULL,'varchar',32,NULL,NULL,'cg_table','id','CASCADE','CASCADE',NULL),('5a536ae8051c11eaa133e0d55e861391','qinyoyo.cg_form',60,'isFlow','是否流程定义','is_flow','0','0','boolean',NULL,'0',NULL,NULL,NULL,NULL,0,NULL,NULL,0,NULL,NULL,'tinyint(1)',NULL,3,0,NULL,NULL,NULL,NULL,NULL),('5a54876b051c11eaa133e0d55e861391','qinyoyo.cg_form',70,'icon','图标','icon','0',NULL,'text',NULL,'1','js:(this.record.isFlow && /^[a-zA-z0-9 \\-_]+(,[a-zA-z0-9 \\-_]+)*$/.test(value)) || (!this.record.isFlow && /^[a-zA-z0-9 \\-_]+$/.test(value))','输入一个有效的图标或图标序列(流程控制时)',NULL,NULL,0,NULL,NULL,0,NULL,NULL,'varchar',300,NULL,NULL,NULL,NULL,NULL,NULL,NULL),('5a54d94c051c11eaa133e0d55e861391','qinyoyo.cg_form',50,'headTitle','form标题','head_title','0',NULL,'text',NULL,'0','js:(this.record.isFlow && /^[^,]+(,[^,]+)*$/.test(value)) || (!this.record.isFlow && /^[^,]+$/.test(value))','输入一个标题或标题序列(流程控制时)',NULL,NULL,0,NULL,NULL,0,NULL,NULL,'varchar',400,NULL,NULL,NULL,NULL,NULL,NULL,NULL),('5a552c36051c11eaa133e0d55e861391','qinyoyo.cg_form',80,'tagTitle','tag标题','tag_title','0',NULL,'text',NULL,'0',NULL,NULL,NULL,NULL,0,NULL,NULL,0,NULL,NULL,'varchar',45,NULL,NULL,NULL,NULL,NULL,NULL,NULL),('5a5579b9051c11eaa133e0d55e861391','qinyoyo.cg_form',90,'labelPosition','字段标签位置','label_position','0','top','text',NULL,'0',NULL,NULL,NULL,NULL,0,NULL,NULL,0,NULL,NULL,'varchar',45,NULL,NULL,NULL,NULL,NULL,NULL,NULL),('5a5657b0051c11eaa133e0d55e861391','qinyoyo.cg_form',100,'isDialog','对话框模式','is_dialog','0','0','boolean',NULL,'0',NULL,NULL,NULL,NULL,0,NULL,NULL,0,NULL,NULL,'tinyint(1)',NULL,3,0,NULL,NULL,NULL,NULL,NULL),('5a569834051c11eaa133e0d55e861391','qinyoyo.cg_form',110,'continueAdd','连续编辑','continue_add','0','1','boolean',NULL,'0',NULL,NULL,NULL,NULL,0,NULL,NULL,0,NULL,NULL,'tinyint(1)',NULL,3,0,NULL,NULL,NULL,NULL,NULL),('5f1be71cad1d11e98943e0d55e861391','qinyoyo.pay_user_time',10,'id','id','id','1',NULL,'number','%d','0','0,,1',NULL,NULL,NULL,0,NULL,NULL,0,NULL,NULL,'int',NULL,10,0,NULL,NULL,NULL,NULL,NULL),('5f1c196fad1d11e98943e0d55e861391','qinyoyo.pay_user_time',20,'userNo','用户号','user_no','11',NULL,'left_join',NULL,'0',NULL,NULL,'ewUser','userNo',0,'user_name=name,memberGroup,user_is_active=isActive',NULL,0,NULL,NULL,'varchar',45,NULL,NULL,'ew_user','user_no','NO ACTION','NO ACTION',NULL),('5f1c4b84ad1d11e98943e0d55e861391','qinyoyo.pay_user_time',30,'timeId','计时项目编号','time_id','11',NULL,'left_join','%d','0',NULL,NULL,'ewTimeProject','id',0,'project_name=name,basePrice,startTime,endTime',NULL,0,NULL,NULL,'int',NULL,10,0,'ew_time_project','id','NO ACTION','NO ACTION',NULL),('5f1c7a8ead1d11e98943e0d55e861391','qinyoyo.pay_user_time',40,'amountTime','计时时长','amount_time','0','0','number','%d','0','0,,1',NULL,NULL,NULL,0,NULL,NULL,0,NULL,NULL,'int',NULL,10,0,NULL,NULL,NULL,NULL,NULL),('5f1cac31ad1d11e98943e0d55e861391','qinyoyo.pay_user_time',50,'checkCode','检验码','check_code','0',NULL,'text',NULL,'0',NULL,NULL,NULL,NULL,0,NULL,NULL,0,NULL,NULL,'varchar',45,NULL,NULL,NULL,NULL,NULL,NULL,NULL),('63f7e0e180df11e991a0e0d55e861391','qinyoyo.pm_people_group',10,'id','编号','id','1',NULL,'number','%d','0','0,,1',NULL,NULL,NULL,0,NULL,NULL,0,NULL,NULL,'int',NULL,10,0,NULL,NULL,NULL,NULL,NULL),('63f8229280df11e991a0e0d55e861391','qinyoyo.pm_people_group',30,'name','名称','name','0',NULL,'text',NULL,'0',NULL,NULL,NULL,NULL,0,NULL,NULL,0,NULL,NULL,'varchar',45,NULL,NULL,NULL,NULL,NULL,NULL,NULL),('63f864ac80df11e991a0e0d55e861391','qinyoyo.pm_people_group',40,'groupType','类别','group_type','4','','select','','0','','','pm_group_type','',0,'','',1,'','','varchar',45,NULL,NULL,NULL,NULL,NULL,NULL,NULL),('63f8abbf80df11e991a0e0d55e861391','qinyoyo.pm_people_group',50,'enabled','激活','enabled','0','1','boolean','','0','','','','',0,'','',0,'','','tinyint(1)',NULL,3,0,NULL,NULL,NULL,NULL,NULL),('63f8f4ff80df11e991a0e0d55e861391','qinyoyo.pm_people_group',60,'description','职能描述','description','0',NULL,'text',NULL,'1',NULL,NULL,NULL,NULL,0,NULL,NULL,0,NULL,NULL,'varchar',200,NULL,NULL,NULL,NULL,NULL,NULL,NULL),('64f30a2922c711ea9ebce0d55e861391','qinyoyo.cg_list_field',130,'hidden','隐藏字段','hidden','0','0','boolean',NULL,'0',NULL,NULL,NULL,NULL,0,NULL,NULL,0,NULL,NULL,'tinyint(1)',NULL,3,0,NULL,NULL,NULL,NULL,NULL),('6dde9f23515e11ea882eac220b822a69','qinyoyo.cg_project',310,'addtionalDependencies','附件依赖','addtional_dependencies','0',NULL,'textarea',NULL,'1',NULL,NULL,NULL,NULL,0,NULL,NULL,0,NULL,NULL,'longtext',NULL,NULL,NULL,NULL,NULL,NULL,NULL,NULL),('6ee09157ba6f11e9ae42e0d55e861391','qinyoyo.pay_user',50,'idType','证件类别','id_type','0','','select','%d','0','','','sys_id_type','',0,'','',0,'','','int',NULL,10,0,NULL,NULL,NULL,NULL,NULL),('6ee0d2e1ba6f11e9ae42e0d55e861391','qinyoyo.pay_user',60,'idNo','证件号码','id_no','0',NULL,'text',NULL,'0',NULL,NULL,NULL,NULL,0,NULL,NULL,0,NULL,NULL,'varchar',45,NULL,NULL,NULL,NULL,NULL,NULL,NULL),('6fa4abf0ba7311e9ae42e0d55e861391','qinyoyo.pay_bill',50,'batchNo','批次号','batch_no','0',NULL,'text',NULL,'0',NULL,NULL,NULL,NULL,0,NULL,NULL,0,NULL,NULL,'varchar',45,NULL,NULL,NULL,NULL,NULL,NULL,NULL),('6fa4f8e1ba7311e9ae42e0d55e861391','qinyoyo.pay_bill',20,'canceled','已取消','canceled','0','0','boolean',NULL,'0',NULL,NULL,NULL,NULL,0,NULL,NULL,0,NULL,NULL,'tinyint(1)',NULL,3,0,NULL,NULL,NULL,NULL,NULL),('71282f0db8b511e998c1e0d55e861391','qinyoyo.pay_count_project',70,'startTime','有效开始时间','start_time','0',NULL,'time','HH:mm','1',NULL,NULL,NULL,NULL,0,NULL,NULL,0,NULL,NULL,'time(6)',NULL,NULL,NULL,NULL,NULL,NULL,NULL,NULL),('71287f96b8b511e998c1e0d55e861391','qinyoyo.pay_count_project',80,'endTime','有效结束时间','end_time','0',NULL,'time','HH:mm','1',NULL,NULL,NULL,NULL,0,NULL,NULL,0,NULL,NULL,'time(6)',NULL,NULL,NULL,NULL,NULL,NULL,NULL,NULL),('7383a09380df11e991a0e0d55e861391','qinyoyo.pm_people',10,'id','编号','id','1',NULL,'number','%d','0','0,,1',NULL,NULL,NULL,0,NULL,NULL,0,NULL,NULL,'int',NULL,10,0,NULL,NULL,NULL,NULL,NULL),('7384019b80df11e991a0e0d55e861391','qinyoyo.pm_people',20,'groupId','职能分组','group_id','11',NULL,'right_join',NULL,'0',NULL,NULL,'pmPeopleGroup','id',0,'group_name=name',NULL,0,NULL,NULL,'int',NULL,10,0,'pm_people_group','id','NO ACTION','NO ACTION',NULL),('738455cd80df11e991a0e0d55e861391','qinyoyo.pm_people',30,'userId','职员','user_id','11',NULL,'right_join',NULL,'0',NULL,NULL,'userJoin','id',1,'realName,sex,orgCode,mobilePhone',NULL,0,NULL,NULL,'varchar',45,NULL,NULL,NULL,NULL,NULL,NULL,NULL),('74eb09cb4ee411ea80e0ac220b822a69','qinyoyo.cg_project',40,'groupId','组织机构','group_id','0','top.iotequ','text',NULL,'0','[a-z]+(\\.[a-z]+)*','小写单词,以.分隔,类似网址的倒序',NULL,NULL,0,NULL,NULL,0,NULL,NULL,'varchar',45,NULL,NULL,NULL,NULL,NULL,NULL,NULL),('755b98f8051c11eaa133e0d55e861391','qinyoyo.cg_form_field',10,'id','id','id','1',NULL,'number','%d','0',NULL,NULL,NULL,NULL,0,NULL,NULL,0,NULL,NULL,'int',NULL,10,0,NULL,NULL,NULL,NULL,NULL),('755be6e0051c11eaa133e0d55e861391','qinyoyo.cg_form_field',20,'formId','formId','form_id','11',NULL,'text',NULL,'0',NULL,NULL,NULL,NULL,0,NULL,NULL,0,NULL,NULL,'varchar',64,NULL,NULL,'cg_form','id','CASCADE','CASCADE',NULL),('755c327e051c11eaa133e0d55e861391','qinyoyo.cg_form_field',30,'orderNum','排序','order_num','0',NULL,'number','%d','0',NULL,NULL,NULL,NULL,0,NULL,NULL,0,NULL,NULL,'int',NULL,10,0,NULL,NULL,NULL,NULL,NULL),('755c8bab051c11eaa133e0d55e861391','qinyoyo.cg_form_field',40,'entityField','表字段','entity_field','11',NULL,'text',NULL,'0',NULL,NULL,NULL,NULL,0,NULL,NULL,0,NULL,NULL,'varchar',45,NULL,NULL,NULL,NULL,NULL,NULL,NULL),('755ccaf2051c11eaa133e0d55e861391','qinyoyo.cg_form_field',50,'width','宽度','width','0','24','number','%d','0',NULL,NULL,NULL,NULL,0,NULL,NULL,0,NULL,NULL,'int',NULL,10,0,NULL,NULL,NULL,NULL,NULL),('762478c0b8b511e998c1e0d55e861391','qinyoyo.pay_time_project',70,'startTime','有效开始时间','start_time','0',NULL,'time','HH:mm','1',NULL,NULL,NULL,NULL,0,NULL,NULL,0,NULL,NULL,'time(6)',NULL,NULL,NULL,NULL,NULL,NULL,NULL,NULL),('7624bebcb8b511e998c1e0d55e861391','qinyoyo.pay_time_project',80,'endTime','有效结束时间','end_time','0',NULL,'time','HH:mm','1',NULL,NULL,NULL,NULL,0,NULL,NULL,0,NULL,NULL,'time(6)',NULL,NULL,NULL,NULL,NULL,NULL,NULL,NULL),('769753cf67eb11eaa145e0d55e861391','qinyoyo.cg_form_field',260,'showType','更改控件类型为','show_type','0',NULL,'select',NULL,'1',NULL,NULL,NULL,'text,textarea,boolean,false_if_null,password,date,time,datetime,number,email,search,file,image,url,tel,color,html,2dcode',0,NULL,NULL,0,NULL,NULL,'varchar',45,NULL,NULL,NULL,NULL,NULL,NULL,NULL),('7d6e0edd051c11eaa133e0d55e861391','qinyoyo.cg_list',30,'path','路径最后一级','path','11','list','text',NULL,'0','[a-z][a-zA-Z0-9_]*','只允许使用字母数字下划线并且以小写字符开始',NULL,NULL,0,NULL,NULL,0,NULL,NULL,'varchar',45,NULL,NULL,NULL,NULL,NULL,NULL,NULL),('7d6e5275051c11eaa133e0d55e861391','qinyoyo.cg_list',40,'tableId','对应表单','table_id','11',NULL,'select',NULL,'0',NULL,NULL,'select * from cg_table where creator=${system.user.name}','id',0,'code','',0,NULL,NULL,'varchar',32,NULL,NULL,'cg_table','id','CASCADE','CASCADE',NULL),('7d6e967d051c11eaa133e0d55e861391','qinyoyo.cg_list',50,'icon','图标','icon','0',NULL,'text',NULL,'1',NULL,NULL,NULL,NULL,0,NULL,NULL,0,NULL,NULL,'varchar',45,NULL,NULL,NULL,NULL,NULL,NULL,NULL),('7d6ee139051c11eaa133e0d55e861391','qinyoyo.cg_list',60,'headTitle','列表标题','head_title','0',NULL,'text',NULL,'0',NULL,NULL,NULL,NULL,0,NULL,NULL,0,NULL,NULL,'varchar',64,NULL,NULL,NULL,NULL,NULL,NULL,NULL),('7d6f280c051c11eaa133e0d55e861391','qinyoyo.cg_list',70,'tagTitle','tag标题','tag_title','0',NULL,'text',NULL,'1',NULL,NULL,NULL,NULL,0,NULL,NULL,0,NULL,NULL,'varchar',45,NULL,NULL,NULL,NULL,NULL,NULL,NULL),('7d6f6809051c11eaa133e0d55e861391','qinyoyo.cg_list',80,'editInline','行内编辑','edit_inline','0',NULL,'boolean',NULL,'0',NULL,NULL,NULL,NULL,0,NULL,NULL,0,NULL,NULL,'tinyint(1)',NULL,3,0,NULL,NULL,NULL,NULL,NULL),('7d6fb5b0051c11eaa133e0d55e861391','qinyoyo.cg_list',90,'detailInline','行内详情','detail_inline','0',NULL,'boolean',NULL,'0',NULL,NULL,NULL,NULL,0,NULL,NULL,0,NULL,NULL,'tinyint(1)',NULL,3,0,NULL,NULL,NULL,NULL,NULL),('7d6ffdd0051c11eaa133e0d55e861391','qinyoyo.cg_list',100,'sons','子表','sons','0',NULL,'select',NULL,'1',NULL,'子表为cg_list或cg_form表的名称列表,cg_form表以后缀|u区分.组件需要手动输入c|组件名称|组件路径|主见标题','select * from (select table_id,name, head_title from cg_list union all select table_id,concat(name,\'|u\') ,head_title from cg_form) a order by name','name',1,'concat(name,\':\',head_title)','table_id in (select id from cg_table where project_id in (select project_id from cg_table where id=${tableId}))',0,NULL,NULL,'varchar',100,NULL,NULL,NULL,NULL,NULL,NULL,NULL),('7d703d5e051c11eaa133e0d55e861391','qinyoyo.cg_list',110,'sonFields','子表外键字段列表','son_fields','0',NULL,'text',NULL,'1',NULL,'与sons对应,一个子表输入一项 : 子表关联字段Entity名|主表关联字段Entity名,引用主表主键',NULL,NULL,0,NULL,NULL,0,NULL,NULL,'varchar',100,NULL,NULL,NULL,NULL,NULL,NULL,NULL),('7d707852051c11eaa133e0d55e861391','qinyoyo.cg_list',130,'generatorType','主表宽度','generator_type','0',NULL,'number','0,100,5','0',NULL,NULL,NULL,NULL,0,NULL,NULL,0,NULL,NULL,'int',NULL,10,0,NULL,NULL,NULL,NULL,NULL),('7d70b263051c11eaa133e0d55e861391','qinyoyo.cg_list',140,'titleField','显示在子表标题里的主表字段','title_field','0',NULL,'select',NULL,'1',NULL,NULL,'select * from cg_list_field','entity_field',0,'entity_field','list_id=${id}',0,NULL,NULL,'varchar',45,NULL,NULL,NULL,NULL,NULL,NULL,NULL),('7d70ed0d051c11eaa133e0d55e861391','qinyoyo.cg_list',150,'parentEntity','tree的父级Entity','parent_entity','0',NULL,'select',NULL,'1',NULL,NULL,'dict:titleField','',0,'','',0,NULL,NULL,'varchar',45,NULL,NULL,NULL,NULL,NULL,NULL,NULL),('7d712bfd051c11eaa133e0d55e861391','qinyoyo.cg_list',160,'treeShowEntity','树显示Entity','tree_show_entity','0',NULL,'select',NULL,'1',NULL,NULL,'dict:titleField',NULL,0,NULL,NULL,0,NULL,NULL,'varchar',45,NULL,NULL,NULL,NULL,NULL,NULL,NULL),('7d716f57051c11eaa133e0d55e861391','qinyoyo.cg_list',170,'showSearch','显示模糊查询','show_search','0',NULL,'boolean',NULL,'0',NULL,NULL,NULL,NULL,0,NULL,NULL,0,NULL,NULL,'tinyint(1)',NULL,3,0,NULL,NULL,NULL,NULL,NULL),('7d71f205051c11eaa133e0d55e861391','qinyoyo.cg_list',180,'toolbarMode','工具条显示模式','toolbar_mode','0','2','radio','','0',NULL,NULL,NULL,'1,2',0,'工具条,菜单',NULL,0,NULL,NULL,'int',NULL,10,0,NULL,NULL,NULL,NULL,NULL),('7d7227e1051c11eaa133e0d55e861391','qinyoyo.cg_list',190,'tableHeight','表高','table_height','0','0','number','','0','0','设置为0表示自动匹配',NULL,NULL,0,NULL,NULL,0,NULL,NULL,'int',NULL,10,0,NULL,NULL,NULL,NULL,NULL),('7d725dec051c11eaa133e0d55e861391','qinyoyo.cg_list',200,'pagination','是否分页','pagination','0',NULL,'boolean',NULL,'0',NULL,NULL,NULL,NULL,0,NULL,NULL,0,NULL,NULL,'tinyint(1)',NULL,3,0,NULL,NULL,NULL,NULL,NULL),('7d7292b7051c11eaa133e0d55e861391','qinyoyo.cg_list',210,'orderBy','默认排序','order_by','0',NULL,'text',NULL,'1',NULL,NULL,NULL,NULL,0,NULL,NULL,0,NULL,NULL,'varchar',100,NULL,NULL,NULL,NULL,NULL,NULL,NULL),('7d72c6ae051c11eaa133e0d55e861391','qinyoyo.cg_list',220,'sortField','拖拽排序字段','sort_field','0','','select',NULL,'1',NULL,NULL,'dict:titleField',NULL,0,NULL,NULL,0,NULL,NULL,'varchar',45,3,0,NULL,NULL,NULL,NULL,NULL),('7d72fb11051c11eaa133e0d55e861391','qinyoyo.cg_list',230,'stripe','斑马纹风格','stripe','0','1','boolean',NULL,'0',NULL,NULL,NULL,NULL,0,NULL,NULL,0,NULL,NULL,'tinyint(1)',NULL,3,0,NULL,NULL,NULL,NULL,NULL),('7d732ec4051c11eaa133e0d55e861391','qinyoyo.cg_list',240,'border','边框','border','0','0','boolean',NULL,'0',NULL,NULL,NULL,NULL,0,NULL,NULL,0,NULL,NULL,'tinyint(1)',NULL,3,0,NULL,NULL,NULL,NULL,NULL),('7d736258051c11eaa133e0d55e861391','qinyoyo.cg_list',250,'stateEntity','状态字段或函数','state_entity','0',NULL,'text',NULL,'1',NULL,NULL,NULL,NULL,0,NULL,NULL,0,NULL,NULL,'varchar',45,NULL,NULL,NULL,NULL,NULL,NULL,NULL),('7d7395fc051c11eaa133e0d55e861391','qinyoyo.cg_list',260,'maxHeight','最大高度','max_height','0','0','number','%d','1',NULL,NULL,NULL,NULL,0,NULL,NULL,0,NULL,NULL,'int',NULL,10,0,NULL,NULL,NULL,NULL,NULL),('7d73caa2051c11eaa133e0d55e861391','qinyoyo.cg_list',270,'highlightCurrentRow','单选高亮','highlight_current_row','0','1','boolean',NULL,'0',NULL,NULL,NULL,NULL,0,NULL,NULL,0,NULL,NULL,'tinyint(1)',NULL,3,0,NULL,NULL,NULL,NULL,NULL),('7d740093051c11eaa133e0d55e861391','qinyoyo.cg_list',280,'multiple','多选','multiple','0','0','boolean',NULL,'0',NULL,NULL,NULL,NULL,0,NULL,NULL,0,NULL,NULL,'tinyint(1)',NULL,3,0,NULL,NULL,NULL,NULL,NULL),('7d745450051c11eaa133e0d55e861391','qinyoyo.cg_list',290,'showSummary','统计栏','show_summary','0','0','boolean',NULL,'1',NULL,NULL,NULL,NULL,0,NULL,NULL,0,NULL,NULL,'tinyint(1)',NULL,3,0,NULL,NULL,NULL,NULL,NULL),('7d74a791051c11eaa133e0d55e861391','qinyoyo.cg_list',300,'spanEntities','合并字段','span_entities','0',NULL,'select',NULL,'1',NULL,NULL,'dict:titleField',NULL,1,NULL,NULL,0,NULL,NULL,'varchar',200,NULL,NULL,NULL,NULL,NULL,NULL,NULL),('7d7541f6051c11eaa133e0d55e861391','qinyoyo.cg_list',310,'showHeader','显示表头','show_header','0','1','boolean',NULL,'0',NULL,NULL,NULL,NULL,0,NULL,NULL,0,NULL,NULL,'tinyint(1)',NULL,3,0,NULL,NULL,NULL,NULL,NULL),('7f447b38721b11e9bb18e0d55e861391','qinyoyo.cg_project',60,'version','版本','version','0','f:Util.getVersion(\"framework\")','text',NULL,'0',NULL,NULL,NULL,NULL,0,NULL,NULL,0,NULL,NULL,'varchar',36,NULL,NULL,NULL,NULL,NULL,NULL,NULL),('7fd04c3a1fe311eaacb948ba4e596d01','qinyoyo.cg_form',120,'images','顶部轮播图像','images','0',NULL,'text',NULL,'1',NULL,NULL,NULL,NULL,0,NULL,NULL,0,NULL,NULL,'varchar',200,NULL,NULL,NULL,NULL,NULL,NULL,NULL),('8014d47922bb11ea9ebce0d55e861391','qinyoyo.cg_form_field',110,'icon','图标','icon','0',NULL,'text',NULL,'1',NULL,NULL,NULL,NULL,0,NULL,NULL,0,NULL,NULL,'varchar',64,NULL,NULL,NULL,NULL,NULL,NULL,NULL),('8015749722bb11ea9ebce0d55e861391','qinyoyo.cg_form_field',120,'href','超链接','href','0',NULL,'text',NULL,'1',NULL,NULL,NULL,NULL,0,NULL,NULL,0,NULL,NULL,'varchar',64,NULL,NULL,NULL,NULL,NULL,NULL,NULL),('8319595f722011e9bb18e0d55e861391','qinyoyo.cg_project',70,'note','项目描述','note','0','','text','','1','','','','',0,'','',0,'','','varchar',100,NULL,NULL,NULL,NULL,NULL,NULL,NULL),('8893f416bf0011e9b19ce0d55e861391','qinyoyo.pay_bill',250,'isValid','有效性','','0','','boolean','','1','','','','',0,'','',0,'','','int',NULL,NULL,NULL,NULL,NULL,NULL,NULL,NULL),('8e17655a051c11eaa133e0d55e861391','qinyoyo.cg_list_field',10,'id','ID','id','1',NULL,'number','%d','0',NULL,NULL,NULL,NULL,0,NULL,NULL,0,NULL,NULL,'int',NULL,10,0,NULL,NULL,NULL,NULL,NULL),('8e17b246051c11eaa133e0d55e861391','qinyoyo.cg_list_field',20,'listId','listID','list_id','11',NULL,'text',NULL,'0',NULL,NULL,NULL,NULL,0,NULL,NULL,0,NULL,NULL,'varchar',64,NULL,NULL,'cg_list','id','CASCADE','CASCADE',NULL),('8e17e8eb051c11eaa133e0d55e861391','qinyoyo.cg_list_field',30,'orderNum','排序','order_num','0',NULL,'number','%d','0',NULL,NULL,NULL,NULL,0,NULL,NULL,0,NULL,NULL,'int',NULL,10,0,NULL,NULL,NULL,NULL,NULL),('8e181d1b051c11eaa133e0d55e861391','qinyoyo.cg_list_field',40,'entityField','表entity字段','entity_field','11',NULL,'text',NULL,'0',NULL,NULL,NULL,NULL,0,NULL,NULL,0,NULL,NULL,'varchar',45,NULL,NULL,NULL,NULL,NULL,NULL,NULL),('8e18589b051c11eaa133e0d55e861391','qinyoyo.cg_list_field',50,'queryMode','查询模式','query_mode','0','0','select','','0',NULL,NULL,NULL,'0,1,2,3',0,'无,自动,筛选,范围',NULL,0,NULL,NULL,'int',NULL,10,0,NULL,NULL,NULL,NULL,NULL),('8e1896cb051c11eaa133e0d55e861391','qinyoyo.cg_list_field',60,'fix','固定列','fix','0','0','boolean',NULL,'0',NULL,NULL,NULL,NULL,0,NULL,NULL,0,NULL,NULL,'tinyint(1)',NULL,3,0,NULL,NULL,NULL,NULL,NULL),('8e18d46e051c11eaa133e0d55e861391','qinyoyo.cg_list_field',70,'expand','展开列','expand','0','0','boolean',NULL,'0',NULL,NULL,NULL,NULL,0,NULL,NULL,0,NULL,NULL,'tinyint(1)',NULL,3,0,NULL,NULL,NULL,NULL,NULL),('8e191cf8051c11eaa133e0d55e861391','qinyoyo.cg_list_field',80,'overflowTooltip','提示隐藏内容','overflow_tooltip','0','1','boolean',NULL,'0',NULL,NULL,NULL,NULL,0,NULL,NULL,0,NULL,NULL,'tinyint(1)',NULL,3,0,NULL,NULL,NULL,NULL,NULL),('8e1970b2051c11eaa133e0d55e861391','qinyoyo.cg_list_field',90,'align','对齐','align','0','left','text',NULL,'0',NULL,NULL,NULL,NULL,0,NULL,NULL,0,NULL,NULL,'varchar',45,NULL,NULL,NULL,NULL,NULL,NULL,NULL),('8e19ddc9051c11eaa133e0d55e861391','qinyoyo.cg_list_field',100,'headerAlign','表头对齐','header_align','0',NULL,'text',NULL,'1',NULL,NULL,NULL,NULL,0,NULL,NULL,0,NULL,NULL,'varchar',45,NULL,NULL,NULL,NULL,NULL,NULL,NULL),('9872fc62417711e9a6388a150d8c204c','qinyoyo.sys_user',230,'htmlNote','提示',NULL,'0',NULL,'html',NULL,'0',NULL,'<p class=\"text-warning\">只有具有超级管理员角色权限才能添加和修改权限</p>',NULL,NULL,0,NULL,NULL,0,NULL,NULL,'int',NULL,NULL,NULL,NULL,NULL,NULL,NULL,NULL),('98c4b9fc217111eabee2e0d55e861391','qinyoyo.cg_list',330,'viewProperties','视图属性','view_properties','0',NULL,'textarea',NULL,'1',NULL,NULL,NULL,NULL,0,NULL,NULL,0,NULL,NULL,'longtext',NULL,NULL,NULL,NULL,NULL,NULL,NULL,NULL),('98c51011217111eabee2e0d55e861391','qinyoyo.cg_list',340,'tableProperties','列表属性','table_properties','0',NULL,'textarea',NULL,'1',NULL,NULL,NULL,NULL,0,NULL,NULL,0,NULL,NULL,'longtext',NULL,NULL,NULL,NULL,NULL,NULL,NULL,NULL),('9abc429b216e11eabee2e0d55e861391','qinyoyo.cg_form_field',70,'itemProperties','输入控件属性','item_properties','0',NULL,'textarea',NULL,'1',NULL,NULL,NULL,NULL,0,NULL,NULL,0,NULL,NULL,'longtext',NULL,NULL,NULL,NULL,NULL,NULL,NULL,NULL),('9abc8b95216e11eabee2e0d55e861391','qinyoyo.cg_form_field',80,'formItemProperties','form_item属性','form_item_properties','0',NULL,'textarea',NULL,'1',NULL,NULL,NULL,NULL,0,NULL,NULL,0,NULL,NULL,'longtext',NULL,NULL,NULL,NULL,NULL,NULL,NULL,NULL),('9b7acf61731c11ea9de3e0d55e861391','qinyoyo.cg_list',770,'flowDataUrl','流程状态数据url','flow_data_url','0',NULL,'text',NULL,'1',NULL,NULL,NULL,NULL,0,NULL,NULL,0,NULL,NULL,'varchar',200,NULL,NULL,NULL,NULL,NULL,NULL,NULL),('9b7b4f09731c11ea9de3e0d55e861391','qinyoyo.cg_list',790,'localExport','本地导出','local_export','0','0','boolean',NULL,'0',NULL,'将列表数据导出，导出数据不支持导入',NULL,NULL,0,NULL,NULL,0,NULL,NULL,'tinyint(1)',NULL,3,0,NULL,NULL,NULL,NULL,NULL),('9da39217217111eabee2e0d55e861391','qinyoyo.cg_list_field',120,'columnProperties','列属性','column_properties','0',NULL,'textarea',NULL,'1',NULL,NULL,NULL,NULL,0,NULL,NULL,0,NULL,NULL,'longtext',NULL,NULL,NULL,NULL,NULL,NULL,NULL,NULL),('9de3ecb5216d11eabee2e0d55e861391','qinyoyo.cg_form',130,'viewProperties','视图属性','view_properties','0',NULL,'textarea',NULL,'1',NULL,NULL,NULL,NULL,0,NULL,NULL,0,NULL,NULL,'longtext',NULL,NULL,NULL,NULL,NULL,NULL,NULL,NULL),('9de43807216d11eabee2e0d55e861391','qinyoyo.cg_form',140,'formProperties','表单属性','form_properties','0',NULL,'textarea',NULL,'1',NULL,NULL,NULL,NULL,0,NULL,NULL,0,NULL,NULL,'longtext',NULL,NULL,NULL,NULL,NULL,NULL,NULL,NULL),('9f80143b4ca811eaa544ac220b822a69','qinyoyo.cg_form',20,'name','名称','name','0',NULL,'text',NULL,'0',NULL,NULL,NULL,NULL,0,NULL,NULL,0,NULL,NULL,'varchar',45,NULL,NULL,NULL,NULL,NULL,NULL,NULL),('9f83bcbd4ca811eaa544ac220b822a69','qinyoyo.cg_list',20,'name','名称','name','0',NULL,'text',NULL,'0',NULL,NULL,NULL,NULL,0,NULL,NULL,0,NULL,NULL,'varchar',50,NULL,NULL,NULL,NULL,NULL,NULL,NULL),('a289a74cbca311e9b1aae0d55e861391','qinyoyo.pay_operator',80,'userNo','用户编号','user_no','4','','text','','1','','','','',0,'','',0,'','','varchar',45,NULL,NULL,NULL,NULL,NULL,NULL,NULL),('a2ac4300b95411ea89c448ba4e596d01','qinyoyo.sys_oauth_client_details',160,'secret','secret',NULL,'0',NULL,'text',NULL,'0',NULL,NULL,NULL,NULL,0,NULL,NULL,0,NULL,NULL,'varchar',36,NULL,NULL,NULL,NULL,NULL,NULL,NULL),('a2e1ea3cbf0011e9b19ce0d55e861391','qinyoyo.pay_user',900,'isValid','有效性','','0','','boolean','','1','','','','',0,'','',0,'','','int',NULL,NULL,NULL,NULL,NULL,NULL,NULL,NULL),('a796f39527a211ea8498e0d55e861391','qinyoyo.cg_form_field',140,'validateAsTitle','显示title提示','validate_as_title','0','0','boolean',NULL,'0',NULL,NULL,NULL,NULL,0,NULL,NULL,0,NULL,NULL,'tinyint(1)',NULL,3,0,NULL,NULL,NULL,NULL,NULL),('aa394aa8722111e9bb18e0d55e861391','qinyoyo.cg_project',100,'mavenModule','maven模块','maven_module','0','1','boolean','','0','','','','',0,'','',0,'','','tinyint(1)',NULL,NULL,NULL,NULL,NULL,NULL,NULL,NULL),('adea9844249511eaacb948ba4e596d01','qinyoyo.cg_list',120,'sonAlign','主从表排列','son_align','0','v','radio',NULL,'0',NULL,NULL,NULL,'v,h',0,'左右排列,上下排列',NULL,0,NULL,NULL,'varchar',1,NULL,NULL,NULL,NULL,NULL,NULL,NULL),('b1647dd9297311eaacb948ba4e596d01','qinyoyo.cg_list_field',150,'defaultQueryValue','缺省查询条件','default_query_value','0','','text',NULL,'1',NULL,'输入js表达式或常量,日期范围可输入[]数组',NULL,NULL,0,NULL,NULL,0,NULL,NULL,'varchar',200,NULL,NULL,NULL,NULL,NULL,NULL,NULL),('b563d92ff08b11e9a59ee0d55e861391','qinyoyo.cg_field',260,'fkTable','关联主表','fk_table','0',NULL,'select',NULL,'1',NULL,NULL,'SELECT * from cg_table where name is not null and name!=\'\' order by name;','name',0,'name','project_id in (select \'qinyoyo.sys\' union select project_id from cg_table where id=${tableId})',0,NULL,NULL,'varchar',45,NULL,NULL,NULL,NULL,NULL,NULL,NULL),('b5643f81f08b11e9a59ee0d55e861391','qinyoyo.cg_field',270,'fkColumn','关联主表字段','fk_column','0','','select','','1','','','select * from cg_field, cg_table','cg_field.name',0,'cg_field.name',' cg_field.key_type in (\'1\',\'2\',\'3\',\'4\') and cg_field.table_id=cg_table.id and cg_table.name=${fkTable}',0,'','','varchar',45,NULL,NULL,'',NULL,'','',NULL),('b5649ca0f08b11e9a59ee0d55e861391','qinyoyo.cg_field',280,'fkOnDelete','On Delete','fk_on_delete','0','','select','','1','','','','CASCADE,SET NULL,NO ACTION,RESTRICT',0,'同步删除子表,设置为空,不允许删除,高权限不允许删除','',0,'','','varchar',45,NULL,NULL,NULL,NULL,NULL,NULL,NULL),('b564f0d5f08b11e9a59ee0d55e861391','qinyoyo.cg_field',290,'fkOnUpdate','On Update','fk_on_update','0','','select','','1','','','','CASCADE,SET NULL,NO ACTION,RESTRICT',0,'同步更新子表,设置为空,不允许更新,高权限不允许更新','',0,'','','varchar',45,NULL,NULL,NULL,NULL,NULL,NULL,NULL),('b5699f434ed911ea80e0ac220b822a69','qinyoyo.cg_table',20,'projectId','项目id','project_id','11',NULL,'full_join',NULL,'0',NULL,NULL,'cgProject','id',0,'project=code,group_id=group_id,module=name',NULL,0,NULL,NULL,'varchar',36,NULL,NULL,'cg_project','id','CASCADE','CASCADE',NULL),('b6b905b9bf0011e9b19ce0d55e861391','qinyoyo.pay_user_count',900,'isValid','有效性','','0','','boolean','','1','','','','',0,'','',0,'','','int',NULL,NULL,NULL,NULL,NULL,NULL,NULL,NULL),('b6c3a0a7600511e99869e0d55e861391','qinyoyo.cg_table',110,'trialLicence','试用licence','trial_licence','0',NULL,'number','%d','1','0,,1',NULL,NULL,NULL,0,NULL,NULL,0,NULL,NULL,'int',NULL,10,0,NULL,NULL,NULL,NULL,NULL),('be7697bf286211eaa5afe0d55e861391','qinyoyo.cg_form_field',150,'slotTemplates','slot模板','slot_templates','0',NULL,'textarea',NULL,'1',NULL,NULL,NULL,NULL,0,NULL,NULL,0,NULL,NULL,'longtext',NULL,NULL,NULL,NULL,NULL,NULL,NULL,NULL),('c2cb8d10357511e992478a150d8c204c','qinyoyo.sys_user',130,'orgPrivilege','部门权限','org_privilege','0','','select','','1','','可以浏览该部门及其子部门的数据','select org_code,name from sys_org','org_code',0,'name',NULL,0,'parent','org_code','int',NULL,6,NULL,NULL,NULL,NULL,NULL,NULL),('c3ef8b22efed11eab92548ba4e596d01','qinyoyo.ad_data',30,'recSourceType','来源类别','rec_source_type','0','D10','text',NULL,'0',NULL,NULL,NULL,NULL,0,NULL,NULL,0,NULL,NULL,'varchar',45,NULL,NULL,NULL,NULL,NULL,NULL,NULL),('cc8eae05bca311e9b1aae0d55e861391','qinyoyo.pay_bill',240,'loginId','签到id','login_id','5',NULL,'number','%d','0','0,,1',NULL,NULL,NULL,0,NULL,NULL,0,NULL,NULL,'int',NULL,10,0,NULL,NULL,NULL,NULL,NULL),('d0fdd9716ae711e9b056e0d55e861391','qinyoyo.cg_table',120,'trialDays','试用天数','trial_days','0',NULL,'number','%d','1','0,365,7',NULL,NULL,NULL,0,NULL,NULL,0,NULL,NULL,'int',NULL,10,0,NULL,NULL,NULL,NULL,NULL),('d21be489d42d11e98da8e0d55e861391','qinyoyo.sys_oauth_client_details',10,'clientId','client_id','client_id','3',NULL,'text',NULL,'0',NULL,NULL,NULL,NULL,0,NULL,NULL,0,NULL,NULL,'varchar',255,NULL,NULL,NULL,NULL,NULL,NULL,NULL),('d21c3028d42d11e98da8e0d55e861391','qinyoyo.sys_oauth_client_details',150,'resourceIds','','resource_ids','0',NULL,'text',NULL,'1',NULL,NULL,NULL,NULL,0,NULL,NULL,0,NULL,NULL,'varchar',255,NULL,NULL,NULL,NULL,NULL,NULL,NULL),('d21cafacd42d11e98da8e0d55e861391','qinyoyo.sys_oauth_client_details',20,'clientSecret','client_secret','client_secret','0',NULL,'text',NULL,'0',NULL,NULL,NULL,NULL,0,NULL,NULL,0,NULL,NULL,'varchar',255,NULL,NULL,NULL,NULL,NULL,NULL,NULL),('d21d102fd42d11e98da8e0d55e861391','qinyoyo.sys_oauth_client_details',30,'scope','scope','scope','0','','text','','0','','逗号分隔多个scope','','',0,'','',0,'','','varchar',255,NULL,NULL,NULL,NULL,NULL,NULL,NULL),('d21d4ae0d42d11e98da8e0d55e861391','qinyoyo.sys_oauth_client_details',40,'authorizedGrantTypes','认证类型','authorized_grant_types','0','','select','','0','','','','password,authorization_code,implicit,client_credentials',0,'密码模式,授权码模式,简化模式,客户端模式','',0,'','','varchar',255,NULL,NULL,NULL,NULL,NULL,NULL,NULL),('d21d8795d42d11e98da8e0d55e861391','qinyoyo.sys_oauth_client_details',50,'webServerRedirectUri','redirect_url','web_server_redirect_uri','0','','text','','1','','允许的重定向地址序列，请求中的地址必须完全匹配该序列的一个','','',0,'','',0,'','','varchar',255,NULL,NULL,NULL,NULL,NULL,NULL,NULL),('d21dc0f9d42d11e98da8e0d55e861391','qinyoyo.sys_oauth_client_details',60,'authorities','权限集','authorities','0','','select','','0','','','SELECT concat(\'ROLE_\',code) as value,name as text FROM sys_role','',1,'','',0,'','','varchar',255,NULL,NULL,NULL,NULL,NULL,NULL,NULL),('d21dfe8bd42d11e98da8e0d55e861391','qinyoyo.sys_oauth_client_details',70,'accessTokenValidity','token有效时间','access_token_validity','0','86400','number','','0','0,,1','','','',0,'','',0,'','','int',NULL,10,0,NULL,NULL,NULL,NULL,NULL),('d21e3bf5d42d11e98da8e0d55e861391','qinyoyo.sys_oauth_client_details',80,'refreshTokenValidity','刷新时间秒','refresh_token_validity','0','0','number','','0','0,,1','','','',0,'','',0,'','','int',NULL,10,0,NULL,NULL,NULL,NULL,NULL),('d21e78b7d42d11e98da8e0d55e861391','qinyoyo.sys_oauth_client_details',140,'additionalInformation','附加属性(json)','additional_information','0',NULL,'textarea',NULL,'1',NULL,'json格式字符串',NULL,NULL,0,NULL,NULL,0,NULL,NULL,'text',500,NULL,NULL,NULL,NULL,NULL,NULL,NULL),('d21eb76bd42d11e98da8e0d55e861391','qinyoyo.sys_oauth_client_details',90,'autoapprove','自动授权','autoapprove','0','1','radio','','0','','','','true,false',0,'','',0,'','','varchar',20,NULL,NULL,NULL,NULL,NULL,NULL,NULL),('d21ef718d42d11e98da8e0d55e861391','qinyoyo.sys_oauth_client_details',100,'expiredDate','过期时间','expired_date','0',NULL,'datetime','','1',NULL,NULL,NULL,NULL,0,NULL,NULL,0,NULL,NULL,'datetime',NULL,NULL,NULL,NULL,NULL,NULL,NULL,NULL),('d21f42f2d42d11e98da8e0d55e861391','qinyoyo.sys_oauth_client_details',110,'locked','锁定','locked','0','0','boolean',NULL,'0',NULL,NULL,NULL,NULL,0,NULL,NULL,0,NULL,NULL,'tinyint(1)',NULL,3,0,NULL,NULL,NULL,NULL,NULL),('d21f837cd42d11e98da8e0d55e861391','qinyoyo.sys_oauth_client_details',120,'enabled','激活','enabled','0','1','boolean',NULL,'0',NULL,NULL,NULL,NULL,0,NULL,NULL,0,NULL,NULL,'tinyint(1)',NULL,3,0,NULL,NULL,NULL,NULL,NULL),('d21fb6d8d42d11e98da8e0d55e861391','qinyoyo.sys_oauth_client_details',130,'decription','描述','decription','0',NULL,'text',NULL,'1',NULL,NULL,NULL,NULL,0,NULL,NULL,0,NULL,NULL,'varchar',200,NULL,NULL,NULL,NULL,NULL,NULL,NULL),('d4b19f81b92511eaae90e0d55e861391','qinyoyo.sys_oauth_client_details',170,'authUrl','OAuth请求url',NULL,'0',NULL,'text',NULL,'0',NULL,NULL,NULL,NULL,0,NULL,NULL,0,NULL,NULL,'varchar',36,NULL,NULL,NULL,NULL,NULL,NULL,NULL),('d684df6f6bdc11ea923948ba4e596d01','qinyoyo.cg_list_field',370,'showType','修改控件类型为','show_type','0',NULL,'select',NULL,'1',NULL,NULL,NULL,'text,textarea,boolean,false_if_null,password,date,time,datetime,number,email,search,file,image,url,tel,color,html,2dcode',0,NULL,NULL,0,NULL,NULL,'varchar',45,NULL,NULL,NULL,NULL,NULL,NULL,NULL),('d9323dd780df11e991a0e0d55e861391','qinyoyo.pm_people_group',20,'parent','上级','parent','0','','select','','1','','','pm_people_group','id',0,'name','',0,'parent','id','int',8,NULL,NULL,NULL,NULL,NULL,NULL,NULL),('de230d27882311e987fbe0d55e861391','qinyoyo.pm_project',130,'description','详细描述','description','0','','textarea','','1','','','','',0,'','',0,'','','varchar',500,NULL,NULL,NULL,NULL,NULL,NULL,NULL),('de473268239511eaacb948ba4e596d01','qinyoyo.cg_form_field',130,'hidden','隐藏','hidden','0','0','boolean',NULL,'0',NULL,NULL,NULL,NULL,0,NULL,NULL,0,NULL,NULL,'tinyint(1)',NULL,3,0,NULL,NULL,NULL,NULL,NULL),('e10eb8f8bf0011e9b19ce0d55e861391','qinyoyo.pay_user_time',900,'isValid','有效性','','0','','boolean','','1','','','','',0,'','',0,'','','int',NULL,NULL,NULL,NULL,NULL,NULL,NULL,NULL),('e18b871f6a4f11eab8a8e0d55e861391','qinyoyo.cg_form',300,'actionList','功能清单','action_list','0',NULL,'checkbox',NULL,'1','','如果选择flow允许选择处理人抄送人,选择功能允许显示功能按钮','select * from (select \'flow\' as action,id as table_id from cg_table where FIND_IN_SET(\'flow\',action_list)>0 union select action,table_id from cg_button where FIND_IN_SET(\'ed\',display_properties)>0) t','action',0,'action','table_id=${tableId}',0,NULL,NULL,'varchar',200,NULL,NULL,NULL,NULL,NULL,NULL,NULL),('e80219e954e911e987e08a150d8c204c','qinyoyo.pm_project',10,'id','id','id','2',NULL,'text',NULL,'0',NULL,NULL,NULL,NULL,0,NULL,NULL,0,NULL,NULL,'char',36,NULL,NULL,NULL,NULL,NULL,NULL,NULL),('e80258ab54e911e987e08a150d8c204c','qinyoyo.pm_project',30,'flowState','状态','flow_state','0','1','select',NULL,'0',NULL,NULL,'f:flowService.getStates()',NULL,0,NULL,NULL,0,NULL,NULL,'int',NULL,10,0,NULL,NULL,NULL,NULL,NULL),('e802992154e911e987e08a150d8c204c','qinyoyo.pm_project',40,'flowRegisterTime','登记时间','flow_register_time','0','f:new Date()','datetime','','0',NULL,NULL,NULL,NULL,0,NULL,NULL,0,NULL,NULL,'datetime',NULL,NULL,NULL,NULL,NULL,NULL,NULL,NULL),('e802d03754e911e987e08a150d8c204c','qinyoyo.pm_project',50,'flowRegisterBy','登记人','flow_register_by','0','f:Util.getUser().getId()','left_join',NULL,'0',NULL,NULL,'userJoin','id',0,'register_by_name=real_name',NULL,0,NULL,NULL,'varchar',45,NULL,NULL,NULL,NULL,NULL,NULL,NULL),('e8030b2454e911e987e08a150d8c204c','qinyoyo.pm_project',160,'flowNextOperator','下一步处理人','flow_next_operator','0',NULL,'left_join',NULL,'1',NULL,NULL,'userJoin','id',0,'next_operator_name=realName',NULL,0,NULL,NULL,'varchar',45,NULL,NULL,NULL,NULL,NULL,NULL,NULL),('e803410654e911e987e08a150d8c204c','qinyoyo.pm_project',170,'flowCopyToList','抄送列表','flow_copy_to_list','0','','dict_list','','1','','','userJoin','id',0,'realName',NULL,0,'','','varchar',100,NULL,NULL,NULL,NULL,NULL,NULL,NULL),('e803768c54e911e987e08a150d8c204c','qinyoyo.pm_project',140,'flowNote','已处理意见','flow_note','0','','textarea','','1','','','','',0,'','',0,'','','varchar',1000,NULL,NULL,NULL,NULL,NULL,NULL,NULL),('e803ae6f54e911e987e08a150d8c204c','qinyoyo.pm_project',120,'code','版本编码','code','4','','text','','1','js:value || !this.flowAction ||  this.flowAction!=\'publish\'','版本发布时必须输入研发内部版本名称以及版本号','','',0,'','',0,'','','varchar',45,NULL,NULL,NULL,NULL,NULL,NULL,NULL),('e803efd354e911e987e08a150d8c204c','qinyoyo.pm_project',70,'type','类别','type','0','1','select','','0','','','pm_product_type','',0,'','',0,'','','int',NULL,10,0,NULL,NULL,NULL,NULL,NULL),('e8042bd654e911e987e08a150d8c204c','qinyoyo.pm_project',60,'name','名称','name','4','','text','','0','','','','',0,'','',0,'','','varchar',45,NULL,NULL,NULL,NULL,NULL,NULL,NULL),('e8046fde54e911e987e08a150d8c204c','qinyoyo.pm_project',80,'customer','客户信息','customer','0',NULL,'textarea',NULL,'1',NULL,NULL,NULL,NULL,0,NULL,NULL,0,NULL,NULL,'varchar',200,NULL,NULL,NULL,NULL,NULL,NULL,NULL),('e804a2b254e911e987e08a150d8c204c','qinyoyo.pm_project',90,'marketSize','市场规模(万)','market_size','0','','number','%d','1','0,,1','','','',0,'','',0,'','','int',NULL,10,0,NULL,NULL,NULL,NULL,NULL),('e804d0f654e911e987e08a150d8c204c','qinyoyo.pm_project',100,'humanCost','人力投入(人月)','human_cost','0',NULL,'number','%d','1','0,,1',NULL,NULL,NULL,0,NULL,NULL,0,NULL,NULL,'int',NULL,10,0,NULL,NULL,NULL,NULL,NULL),('e804fea054e911e987e08a150d8c204c','qinyoyo.pm_project',110,'materialCost','物料成本(万)','material_cost','0','','number','%d','1','0,,1','','','',0,'','',0,'','','int',NULL,10,0,NULL,NULL,NULL,NULL,NULL),('e8052c9454e911e987e08a150d8c204c','qinyoyo.pm_project',150,'addFile','附件','add_file','0','','file','.pdf,.doc,.docx,.xls,.xlsx,.ppt,.pptx,.txt,image/*','1','','','','',1,'','',0,'','','varchar',45,NULL,NULL,NULL,NULL,NULL,NULL,NULL),('e8055caf54e911e987e08a150d8c204c','qinyoyo.pm_project',20,'flowOperations','操作',NULL,'0',NULL,'text',NULL,'1',NULL,NULL,NULL,NULL,0,NULL,NULL,0,NULL,NULL,'varchar',45,NULL,NULL,NULL,NULL,NULL,NULL,NULL),('e84bee4eecc711e9ab67e0d55e861391','qinyoyo.pay_count_project',20,'icon','图标','icon','0','','image','','1','','','','',0,'','',0,'','','varchar',45,NULL,NULL,NULL,NULL,NULL,NULL,NULL),('ea30076b1fe411eaacb948ba4e596d01','qinyoyo.cg_list',320,'images','顶部轮播图像','images','0',NULL,'text',NULL,'1',NULL,NULL,NULL,NULL,0,NULL,NULL,0,NULL,NULL,'varchar',200,NULL,NULL,NULL,NULL,NULL,NULL,NULL),('ebe1ada9ecc711e9ab67e0d55e861391','qinyoyo.pay_time_project',20,'icon','图标','icon','0','','image','','1','','','','',0,'','',0,'','','varchar',45,NULL,NULL,NULL,NULL,NULL,NULL,NULL),('f60fe3348aa511ea9c43e0d55e861391','qinyoyo.cg_table',360,'flowDynaFieldsOp','处理人关联字段','flow_dyna_fields_op','0',NULL,'select',NULL,'1',NULL,NULL,'select \'flowSelection\' as value, \'flowSelection\' as text union all SELECT entity_name as value, entity_name as text FROM cg_field','',1,'','table_id=${id}',0,NULL,NULL,'varchar',100,NULL,NULL,NULL,NULL,NULL,NULL,NULL),('f6106ce38aa511ea9c43e0d55e861391','qinyoyo.cg_table',370,'flowDynaFieldsCp','抄送人关联字段','flow_dyna_fields_cp','0',NULL,'select',NULL,'1',NULL,NULL,'dict:flowDynaFieldsOp',NULL,1,NULL,NULL,0,NULL,NULL,'varchar',100,NULL,NULL,NULL,NULL,NULL,NULL,NULL),('f97e5c48ae8f11e9b18be0d55e861391','qinyoyo.pay_bill',220,'checkCode','检验码','check_code','0',NULL,'text',NULL,'0',NULL,NULL,NULL,NULL,0,NULL,NULL,0,NULL,NULL,'varchar',45,NULL,NULL,NULL,NULL,NULL,NULL,NULL),('f97ed19cae8f11e9b18be0d55e861391','qinyoyo.pay_bill',230,'linkNo','关联流水号','link_no','0',NULL,'text',NULL,'1',NULL,NULL,NULL,NULL,0,NULL,NULL,0,NULL,NULL,'varchar',45,NULL,NULL,NULL,NULL,NULL,NULL,NULL),('fe39637b6a4311eab8a8e0d55e861391','qinyoyo.cg_list',750,'actionList','功能清单','action_list','0',NULL,'checkbox',NULL,'1',NULL,NULL,'select * from (select action_list as action,id as table_id from cg_table union select action,table_id from cg_button where FIND_IN_SET(\'tb\',display_properties)>0) t','action',0,'action','table_id=${tableId}',0,NULL,NULL,'varchar',200,NULL,NULL,NULL,NULL,NULL,NULL,NULL),('fedf4ac15dec11eaba72e0d55e861391','qinyoyo.cg_list_field',300,'cellDisplaySlot','自定义字段显示','cell_display_slot','0',NULL,'text',NULL,'1',NULL,NULL,NULL,NULL,0,NULL,NULL,0,NULL,NULL,'varchar',500,NULL,NULL,NULL,NULL,NULL,NULL,NULL),('ffac0114278711ea8498e0d55e861391','qinyoyo.cg_list',350,'sonsProperties','子组件属性','sons_properties','0',NULL,'textarea',NULL,'1',NULL,NULL,NULL,NULL,0,NULL,NULL,0,NULL,NULL,'longtext',500,NULL,NULL,NULL,NULL,NULL,NULL,NULL),('qinyoyo11','qinyoyo.cg_field',10,'id','主键ID','id','2','','text','','0','','','','',0,'',NULL,0,'','','varchar',36,10,NULL,NULL,NULL,NULL,NULL,NULL),('qinyoyo12','qinyoyo.cg_field',30,'orderNum','排序','order_num','0','','number','','0','0,,10','字段排序序号，从小到大','','',0,'',NULL,0,'','','int',NULL,10,NULL,NULL,NULL,NULL,NULL,NULL),('qinyoyo13','qinyoyo.cg_field',60,'name','字段名','name','0','','text','','1','[a-z][a-z0-9]*(_[a-z0-9]+)*(:.*)*','数据库字段名,n:fun可定义数据库计算字段,为空可以定义非数据库的自定义显示字段','','',0,'',NULL,0,'','','varchar',32,NULL,NULL,NULL,NULL,NULL,NULL,NULL),('qinyoyo14','qinyoyo.cg_field',40,'entityName','Entity名','entity_name','11','','text','','0','js:(!this.record.name && /^[a-z][a-z0-9]+([A-Z][a-z0-9]+)*$/.test(value)) || (value===this.camelString(this.record.name.split(\':\')[0]))','实体类的属性名,为数据库名对应驼峰标识','','',0,'',NULL,0,'','','varchar',45,NULL,NULL,NULL,NULL,NULL,NULL,NULL),('qinyoyo1437','qinyoyo.cg_auto_table',10,'name','选择数据库表进行自动化构建','name','0',NULL,'select',NULL,'1','^(\\S.*?\\S|\\S)$',NULL,'aaaa',NULL,0,NULL,NULL,0,NULL,NULL,'varchar',NULL,NULL,NULL,NULL,NULL,NULL,NULL,NULL),('qinyoyo1438','qinyoyo.cg_auto_table',20,'code','表单唯一代码','code','0','','text','','0','[a-z][a-zA-Z_0-9]*','小写开头的合法表达式字符串,一般与数据库表名一致','','',0,'',NULL,0,'','','varchar',NULL,NULL,NULL,NULL,NULL,NULL,NULL,NULL),('qinyoyo1439','qinyoyo.cg_auto_table',30,'org','组织机构','org','0','','text','','0','','例如 top.iotequ.top,cn.svein等','','',0,'',NULL,0,'','','varchar',NULL,NULL,NULL,NULL,NULL,NULL,NULL,NULL),('qinyoyo1440','qinyoyo.cg_auto_table',40,'project','项目名称','project','0','','text','','0','[a-z]+(\\-[a-z]+)*','小写单词，可以含连字符-','','',0,'',NULL,0,'','','varchar',NULL,NULL,NULL,NULL,NULL,NULL,NULL,NULL),('qinyoyo1441','qinyoyo.cg_auto_table',50,'module','子模块名称','module','0','','text','','1','','','','',0,'',NULL,0,'','','varchar',NULL,NULL,NULL,NULL,NULL,NULL,NULL,NULL),('qinyoyo1454','qinyoyo.cg_button',10,'id','id','id','2','','text','%d','0','','','','',0,'',NULL,0,'','','varchar',36,10,0,NULL,NULL,NULL,NULL,NULL),('qinyoyo1455','qinyoyo.cg_button',20,'tableId','所属表单','table_id','11',NULL,'text',NULL,'0',NULL,NULL,NULL,NULL,0,NULL,NULL,0,NULL,NULL,'varchar',32,NULL,NULL,'cg_table','id','CASCADE','CASCADE',NULL),('qinyoyo1456','qinyoyo.cg_button',30,'orderNum','排序','order_num','0',NULL,'number','%d','0','0,,1',NULL,NULL,NULL,0,NULL,NULL,0,NULL,NULL,'int',NULL,10,0,NULL,NULL,NULL,NULL,NULL),('qinyoyo1457','qinyoyo.cg_button',40,'action','操作代码','action','11',NULL,'text',NULL,'0','[a-z][a-z0-9]+([A-Z][a-z0-9]+)*','请使用驼峰字符串',NULL,NULL,0,NULL,NULL,0,NULL,NULL,'varchar',45,NULL,NULL,NULL,NULL,NULL,NULL,NULL),('qinyoyo1458','qinyoyo.cg_button',50,'title','标题','title','0',NULL,'text',NULL,'0',NULL,NULL,NULL,NULL,0,NULL,NULL,0,NULL,NULL,'varchar',45,NULL,NULL,NULL,NULL,NULL,NULL,NULL),('qinyoyo1459','qinyoyo.cg_button',60,'icon','图标','icon','0','','text','','0','','','','',0,'',NULL,0,'','','varchar',45,NULL,NULL,NULL,NULL,NULL,NULL,NULL),('qinyoyo1460','qinyoyo.cg_button',70,'appendClass','执行函数或参数','append_class','0',NULL,'text',NULL,'1','[a-zA-Z][\\.a-zA-Z0-9_]*\\(.*\\)|{\\s*\\w+\\s*:\\s*(\'.*\'|\\[.*\\]|[^\\,\\\'\\[\\]]+)\\s*(,\\s*\\w+\\s*:\\s*(\'.*\'|\\[.*\\]|[^\\,\\\'\\[\\]]+)\\s*)*}','前端以及前端+后端定义一个js前端函数调用，页面跳转及后端定义操作传递的附加属性，简易json格式，如 { timeout: 0 }定义一个无限等待，将显示进度条 , { url: full_route_path} 定义一个路由切换',NULL,NULL,0,NULL,NULL,0,NULL,NULL,'varchar',200,NULL,NULL,NULL,NULL,NULL,NULL,NULL),('qinyoyo1461','qinyoyo.cg_button',110,'displayProperties','显示属性','display_properties','0','','checkbox','','1','','','','hm,hp,tb,rw,ed,gs',1,'手机隐藏,PC隐藏,工具条显示,行显示,编辑显示,分组开始',NULL,0,'','','varchar',45,NULL,NULL,NULL,NULL,NULL,NULL,NULL),('qinyoyo1462','qinyoyo.cg_button',90,'actionProperty','行为属性','action_property','0','','radio','','0','','','','js,go,pg,aj',0,'仅前端函数,页面跳转,自定义函数调用后端,仅后端操作',NULL,0,'','','varchar',45,NULL,NULL,NULL,NULL,NULL,NULL,NULL),('qinyoyo1464','qinyoyo.cg_button',100,'rowProperty','行属性','row_property','0','','radio','','0','','','','sr,mr,nr',0,'单行,多行,行无关',NULL,0,'','','varchar',45,NULL,NULL,NULL,NULL,NULL,NULL,NULL),('qinyoyo1465','qinyoyo.cg_button',120,'confirmText','操作前提示','confirm_text','0','','text','','1','','在执行操作前提示用户确认的警告信息','','',0,'',NULL,0,'','','varchar',100,NULL,NULL,NULL,NULL,NULL,NULL,NULL),('qinyoyo1466','qinyoyo.cg_button',130,'isRefreshList','操作后刷新列表','is_refresh_list','0','','boolean','','0','','','','',0,'',NULL,0,'','','tinyint(1)',NULL,NULL,NULL,NULL,NULL,NULL,NULL,NULL),('qinyoyo1467','qinyoyo.sys_user',170,'idType','证件类型','id_type','11','1','select','%d','0','','','sys_id_type','',0,'',NULL,0,'','','int',NULL,10,0,NULL,NULL,NULL,NULL,NULL),('qinyoyo1468','qinyoyo.sys_user',180,'idNumber','证件号码','id_number','11',NULL,'text',NULL,'0',NULL,NULL,NULL,NULL,0,NULL,NULL,0,NULL,NULL,'varchar',45,NULL,NULL,NULL,NULL,NULL,NULL,NULL),('qinyoyo15','qinyoyo.cg_field',50,'title','标题','title','0','','text','','0','','字段编辑显示标题','','',0,'','',0,'','','varchar',32,NULL,NULL,NULL,NULL,NULL,NULL,NULL),('qinyoyo1511','qinyoyo.dev_org',10,'orgCode','代码','org_code','1','','number','%d','0','0,,1','','','',0,'',NULL,0,'','','int',NULL,10,0,NULL,NULL,NULL,NULL,NULL),('qinyoyo1513','qinyoyo.dev_org',30,'name','名称','name','0',NULL,'text',NULL,'0',NULL,NULL,NULL,NULL,0,NULL,NULL,0,NULL,NULL,'varchar',32,NULL,NULL,NULL,NULL,NULL,NULL,NULL),('qinyoyo1514','qinyoyo.dev_org',40,'parent','上级机构','parent','0',NULL,'number','%d','1','0,,1',NULL,NULL,NULL,0,NULL,NULL,0,NULL,NULL,'int',NULL,10,0,NULL,NULL,NULL,NULL,NULL),('qinyoyo1515','qinyoyo.dev_org',50,'phone','电话','phone','0',NULL,'text',NULL,'1',NULL,NULL,NULL,NULL,0,NULL,NULL,0,NULL,NULL,'varchar',32,NULL,NULL,NULL,NULL,NULL,NULL,NULL),('qinyoyo1516','qinyoyo.dev_org',60,'fax','传真','fax','0',NULL,'text',NULL,'1',NULL,NULL,NULL,NULL,0,NULL,NULL,0,NULL,NULL,'varchar',32,NULL,NULL,NULL,NULL,NULL,NULL,NULL),('qinyoyo1517','qinyoyo.dev_org',70,'address','地址','address','0',NULL,'text',NULL,'1',NULL,NULL,NULL,NULL,0,NULL,NULL,0,NULL,NULL,'varchar',100,NULL,NULL,NULL,NULL,NULL,NULL,NULL),('qinyoyo1518','qinyoyo.dev_org',80,'roleList','角色序列','role_list','0','','text','','1','','','','',0,'',NULL,0,'','','varchar',200,NULL,NULL,NULL,NULL,NULL,NULL,NULL),('qinyoyo1584','qinyoyo.sys_user',220,'passwordErrorTimes','','password_error_times','0','0','number','%d','0','0,,1',NULL,NULL,NULL,0,NULL,NULL,0,NULL,NULL,'int',NULL,10,0,NULL,NULL,NULL,NULL,NULL),('qinyoyo16','qinyoyo.cg_field',90,'showType','表单控件类型','show_type','0','text','select','','0','','表单编辑显示类型','','text,textarea,boolean,false_if_null,checkbox,radio,select,inner_join,left_join,right_join,full_join,dict_list,password,date,time,datetime,number,email,search,file,image,url,tel,color,html,2dcode',0,'','',0,'','','varchar',30,NULL,NULL,NULL,NULL,NULL,NULL,NULL),('qinyoyo1627','qinyoyo.ad_special_shift',28,'modeProperty','考勤模式','mode_property','0','','radio','','1','','','','f:{String.valueOf(AdUtil.md_attendance),String.valueOf(AdUtil.md_sign_in)}',0,'完整考勤,签到模式',NULL,0,'','','int',NULL,NULL,NULL,NULL,NULL,NULL,NULL,NULL),('qinyoyo18','qinyoyo.cg_field',100,'formatter','显示格式','formatter','0','','text','','1','','时间格式,springtf格式,用js:定义js代码函数,{field}表示字段值，{row}表示记录值。js:仅对text有效','','',0,'','',0,'','','varchar',100,NULL,NULL,NULL,NULL,NULL,NULL,NULL),('qinyoyo20','qinyoyo.cg_field',120,'validExpression','校验正则表达式','valid_expression','0','','text','','1','','正则表达式,js:js代码,url/email/mobile/fixed/phone/idcard/passport内置的url地址,email,手机号,固话,电话,身份证,护照验证','','',0,'',NULL,0,'','','varchar',200,NULL,NULL,NULL,NULL,NULL,NULL,NULL),('qinyoyo21','qinyoyo.cg_field',220,'type','字段类型','type','0','varchar','select','','0','','字段的数据库类型',NULL,'int,varchar,boolean,datetime,tinyint,smallint,mediumint,bigint,double,float,decimal,date,time,timestamp,char,tinytext,text,mediumtext,longtext,tinyblob,blob,mediumblob,longblob,bit,binary,varbinary',0,'','',0,'','','varchar',32,NULL,NULL,NULL,NULL,NULL,NULL,NULL),('qinyoyo22','qinyoyo.cg_field',20,'tableId','表ID','table_id','11','','text','','0','','对应的表id','','',0,'',NULL,0,'','','varchar',32,10,NULL,'cg_table','id','CASCADE','CASCADE',NULL),('qinyoyo23','qinyoyo.cg_field',70,'keyType','索引','key_type','0','0','select','','0','','主键类型,0=非主键,1=自增长int，2=uuid串, 3=普通主键,4=唯一索引，5=非唯一索引，多个字段联合建立唯一索引 必须有一个且只有一个字段为1,2或3主键，可以有多个键值用于查询','','0,1,2,3,4,5,11,12,13',0,'无,自增长主键,uuid主键,普通主键,唯一索引,非唯一索引,联合唯一索引1,联合唯一索引2,联合唯一索引3',NULL,0,'','','varchar',2,NULL,NULL,NULL,NULL,NULL,NULL,NULL),('qinyoyo24','qinyoyo.cg_field',110,'isNull','可空','is_null','0','0','boolean','','0',NULL,'字段是否可以为空，由数据库定义，保持与数据库一致','','',1,'',NULL,0,NULL,NULL,'varchar',5,NULL,NULL,NULL,NULL,NULL,NULL,NULL),('qinyoyo265','qinyoyo.sys_action',10,'id','ID','id','1',NULL,'number','%d','0','0,,1',NULL,NULL,NULL,0,NULL,NULL,0,NULL,NULL,'int',NULL,10,0,NULL,NULL,NULL,NULL,NULL),('qinyoyo266','qinyoyo.sys_action',20,'value','值','value','5',NULL,'text',NULL,'0',NULL,NULL,NULL,NULL,0,NULL,NULL,0,NULL,NULL,'varchar',100,NULL,NULL,NULL,NULL,NULL,NULL,NULL),('qinyoyo267','qinyoyo.sys_action',30,'params','参数','params','0',NULL,'text',NULL,'1',NULL,NULL,NULL,NULL,0,NULL,NULL,0,NULL,NULL,'varchar',100,NULL,NULL,NULL,NULL,NULL,NULL,NULL),('qinyoyo268','qinyoyo.sys_action',40,'method','方法','method','0',NULL,'checkbox','inline','1',NULL,NULL,NULL,'GET, HEAD, POST, PUT, PATCH, DELETE, OPTIONS, TRACE',0,NULL,NULL,0,NULL,NULL,'varchar',45,NULL,NULL,NULL,NULL,NULL,NULL,NULL),('qinyoyo269','qinyoyo.sys_action',5,'note','描述','note','0','','text','','1','','','','',0,'',NULL,0,'','','varchar',200,NULL,NULL,NULL,NULL,NULL,NULL,NULL),('qinyoyo270','qinyoyo.sys_data_dict',10,'id','','id','1',NULL,'number','%d','0','0,,1',NULL,NULL,NULL,0,NULL,NULL,0,NULL,NULL,'int',NULL,10,0,NULL,NULL,NULL,NULL,NULL),('qinyoyo271','qinyoyo.sys_data_dict',20,'dict','分类','dict','11','js:this.record.dict','text',NULL,'0','[a-z][a-zA-Z_0-9]*','小写开头的合法表达式字符串[a-z]',NULL,NULL,0,NULL,NULL,0,NULL,NULL,'varchar',45,NULL,NULL,NULL,NULL,NULL,NULL,NULL),('qinyoyo272','qinyoyo.sys_data_dict',30,'code','代码','code','11',NULL,'text',NULL,'0','^(\\S.*?\\S|\\S)$',NULL,NULL,NULL,0,NULL,NULL,0,NULL,NULL,'varchar',45,NULL,NULL,NULL,NULL,NULL,NULL,NULL),('qinyoyo273','qinyoyo.sys_data_dict',40,'text','显示值','text','0',NULL,'text','js:$t({field})','0',NULL,NULL,NULL,NULL,0,NULL,NULL,0,NULL,NULL,'varchar',100,NULL,NULL,NULL,NULL,NULL,NULL,NULL),('qinyoyo274','qinyoyo.sys_data_dict',50,'orderNum','排列顺序','order_num','0',NULL,'number','%d','1','0,,1',NULL,NULL,NULL,0,NULL,NULL,0,NULL,NULL,'int',NULL,10,0,NULL,NULL,NULL,NULL,NULL),('qinyoyo275','qinyoyo.sys_log',10,'id','uuid主键','id','2',NULL,'text',NULL,'0',NULL,NULL,NULL,NULL,0,NULL,NULL,0,NULL,NULL,'varchar',32,NULL,NULL,NULL,NULL,NULL,NULL,NULL),('qinyoyo276','qinyoyo.sys_log',20,'time','时间','time','0','','datetime','','0','','','','',0,'',NULL,0,'','','datetime',NULL,NULL,NULL,NULL,NULL,NULL,NULL,NULL),('qinyoyo278','qinyoyo.sys_log',40,'userType','用户类别','user_type','0',NULL,'text',NULL,'1',NULL,NULL,'',NULL,0,NULL,NULL,0,NULL,NULL,'varchar',64,NULL,NULL,NULL,NULL,NULL,NULL,NULL),('qinyoyo279','qinyoyo.sys_log',50,'userInfo','用户信息','user_info','0',NULL,'text',NULL,'1',NULL,NULL,NULL,NULL,0,NULL,NULL,0,NULL,NULL,'varchar',64,NULL,NULL,NULL,NULL,NULL,NULL,NULL),('qinyoyo280','qinyoyo.sys_log',60,'note','详情','note','0','','text','','1','','','','',0,'',NULL,0,'','','varchar',1000,NULL,NULL,NULL,NULL,NULL,NULL,NULL),('qinyoyo281','qinyoyo.sys_menu',10,'id','','id','1',NULL,'number','','0','0,,1',NULL,NULL,NULL,0,NULL,NULL,0,NULL,NULL,'int',NULL,10,0,NULL,NULL,NULL,NULL,NULL),('qinyoyo282','qinyoyo.sys_menu',20,'name','名称','name','11',NULL,'text','js:$t({field})','0','^(\\S.*?\\S|\\S)$',NULL,NULL,NULL,0,NULL,NULL,0,NULL,NULL,'varchar',45,NULL,NULL,NULL,NULL,NULL,NULL,NULL),('qinyoyo283','qinyoyo.sys_menu',110,'mobileHidden','手机隐藏','mobile_hidden','0','0','boolean',NULL,'0',NULL,'',NULL,NULL,0,NULL,NULL,0,NULL,NULL,'tinyint(1)',1,NULL,NULL,NULL,NULL,NULL,NULL,NULL),('qinyoyo285','qinyoyo.sys_menu',30,'parent','上级菜单','parent','11','','select','','1','','','sys_menu','id',0,'name',NULL,1,'parent','id','int',NULL,10,0,NULL,NULL,NULL,NULL,NULL),('qinyoyo286','qinyoyo.sys_menu',50,'icon','图标','icon','0',NULL,'text',NULL,'1',NULL,NULL,NULL,NULL,0,NULL,NULL,0,NULL,NULL,'varchar',50,NULL,NULL,NULL,NULL,NULL,NULL,NULL),('qinyoyo287','qinyoyo.sys_menu',100,'bigicon','大图标','bigIcon','0',NULL,'text',NULL,'1',NULL,NULL,NULL,NULL,0,NULL,NULL,0,NULL,NULL,'varchar',50,NULL,NULL,NULL,NULL,NULL,NULL,NULL),('qinyoyo288','qinyoyo.sys_menu',60,'action','功能地址','action','11','','select','','1','','','js:this.getAllRouteDictionary()','',0,'','',0,'','','varchar',100,NULL,NULL,NULL,NULL,NULL,NULL,NULL),('qinyoyo290','qinyoyo.sys_org',10,'orgCode','代码','org_code','1','','number','','0','0,,1','','','',0,'',NULL,0,'','','int',NULL,10,0,NULL,NULL,NULL,NULL,NULL),('qinyoyo291','qinyoyo.sys_org',20,'name','名称','name','11',NULL,'text',NULL,'0','^(\\S.*?\\S|\\S)$',NULL,NULL,NULL,0,NULL,NULL,0,NULL,NULL,'varchar',32,NULL,NULL,NULL,NULL,NULL,NULL,NULL),('qinyoyo292','qinyoyo.sys_org',40,'parent','上级机构','parent','11',NULL,'select','','1','',NULL,'sys_org','org_code',0,'name',NULL,1,'parent','org_code','int',NULL,10,0,NULL,NULL,NULL,NULL,NULL),('qinyoyo293','qinyoyo.sys_org',50,'phone','电话','phone','0','','tel','','1','fixed','','','',0,'',NULL,0,'','','varchar',32,NULL,NULL,NULL,NULL,NULL,NULL,NULL),('qinyoyo294','qinyoyo.sys_org',60,'fax','传真','fax','0',NULL,'tel','','1','fixed',NULL,NULL,NULL,0,NULL,NULL,0,NULL,NULL,'varchar',32,NULL,NULL,NULL,NULL,NULL,NULL,NULL),('qinyoyo295','qinyoyo.sys_org',80,'address','地址','address','0',NULL,'text',NULL,'1',NULL,NULL,NULL,NULL,0,NULL,NULL,0,NULL,NULL,'varchar',100,NULL,NULL,NULL,NULL,NULL,NULL,NULL),('qinyoyo296','qinyoyo.sys_org',70,'roleList','角色序列','role_list','0','','select','','1','','','sys_role','id',1,'name',NULL,0,'','','varchar',200,NULL,NULL,NULL,NULL,NULL,NULL,NULL),('qinyoyo297','qinyoyo.sys_permission',10,'id','','id','1',NULL,'number','%d','0','0,,1',NULL,NULL,NULL,0,NULL,NULL,0,NULL,NULL,'int',NULL,10,0,NULL,NULL,NULL,NULL,NULL),('qinyoyo298','qinyoyo.sys_permission',20,'role','角色','role','5','','select','%d','0','','','sys_role','id',0,'concat(concat(code,\'/\'),name)',NULL,0,'','','int',NULL,10,0,NULL,NULL,NULL,NULL,NULL),('qinyoyo299','qinyoyo.sys_permission',30,'action','功能','action','5','','select','%d','0','','','null','id',1,'value','',0,'p','id','int',NULL,10,0,NULL,NULL,NULL,NULL,NULL),('qinyoyo30','qinyoyo.cg_field',140,'dictTable','字典表或SQL语句','dict_table','0','','text','','1','','字典表,系统数据字典代码,f:或js:自定义函数,用select开始的sql语句/join的表单code:join表单的父表单代码(可选)/表单code:表单的父表单代码(可选)','','',0,'','',0,'','','varchar',200,NULL,NULL,NULL,NULL,NULL,NULL,NULL),('qinyoyo300','qinyoyo.sys_role',10,'id','','id','1',NULL,'number','%d','0','0,,1',NULL,NULL,NULL,0,NULL,NULL,0,NULL,NULL,'int',NULL,10,0,NULL,NULL,NULL,NULL,NULL),('qinyoyo301','qinyoyo.sys_role',20,'code','代码','code','4',NULL,'text',NULL,'0','[a-z][a-zA-Z_0-9]*','小写开头的合法表达式字符串',NULL,NULL,0,NULL,NULL,0,NULL,NULL,'varchar',8,NULL,NULL,NULL,NULL,NULL,NULL,NULL),('qinyoyo302','qinyoyo.sys_role',30,'name','名称','name','4',NULL,'text',NULL,'0','^(\\S.*?\\S|\\S)$',NULL,NULL,NULL,0,NULL,NULL,0,NULL,NULL,'varchar',45,NULL,NULL,NULL,NULL,NULL,NULL,NULL),('qinyoyo303','qinyoyo.sys_role',40,'note','说明','note','0',NULL,'text',NULL,'1',NULL,NULL,NULL,NULL,0,NULL,NULL,0,NULL,NULL,'varchar',64,NULL,NULL,NULL,NULL,NULL,NULL,NULL),('qinyoyo304','qinyoyo.sys_user',10,'id','uuid主键','id','3',NULL,'text',NULL,'0',NULL,NULL,NULL,NULL,0,NULL,NULL,0,NULL,NULL,'varchar',32,NULL,NULL,NULL,NULL,NULL,NULL,NULL),('qinyoyo305','qinyoyo.sys_user',30,'name','用户名','name','4',NULL,'text',NULL,'0','^(\\S.*?\\S|\\S)$',NULL,NULL,NULL,0,NULL,NULL,0,NULL,NULL,'varchar',32,NULL,NULL,NULL,NULL,NULL,NULL,NULL),('qinyoyo306','qinyoyo.sys_user',210,'password','密码','password','0','123456','password',NULL,'0',NULL,NULL,NULL,NULL,0,NULL,NULL,0,NULL,NULL,'varchar',32,NULL,NULL,NULL,NULL,NULL,NULL,NULL),('qinyoyo307','qinyoyo.sys_user',40,'realName','真实名','real_name','0',NULL,'text',NULL,'0','^(\\S.*?\\S|\\S)$',NULL,NULL,NULL,0,NULL,NULL,0,NULL,NULL,'varchar',32,NULL,NULL,NULL,NULL,NULL,NULL,NULL),('qinyoyo308','qinyoyo.sys_user',50,'sex','性别','sex','0','1','radio','inline','1',NULL,NULL,'sys_sex',NULL,0,NULL,NULL,0,NULL,NULL,'varchar',1,NULL,NULL,NULL,NULL,NULL,NULL,NULL),('qinyoyo309','qinyoyo.sys_user',80,'mobilePhone','手机号码','mobile_phone','4','','tel','','1','mobile','','','',0,'',NULL,0,'','','varchar',32,NULL,NULL,NULL,NULL,NULL,NULL,NULL),('qinyoyo31','qinyoyo.cg_field',150,'dictField','字典code','dict_field','0','','text','','1','','字典表的值字段，字典表为空时表示列表的取值列表,f:开头可定义一个返回String[]的函数调用/join表的关联entity字段,如果该字段为主键，支持弹出详情按钮/关联entity字段','','',0,'','',0,'','','varchar',1000,NULL,NULL,NULL,NULL,NULL,NULL,NULL),('qinyoyo311','qinyoyo.sys_user',110,'orgCode','部门','org_code','5','f:Util.getUser().getOrgCode()','select',NULL,'0',NULL,NULL,'select org_code,name from sys_org','org_code',0,'name',NULL,1,'parent','org_code','int',NULL,10,0,NULL,NULL,NULL,NULL,NULL),('qinyoyo312','qinyoyo.sys_user',90,'email','邮箱','email','4','','email','','1','','','','',0,'',NULL,0,'','','varchar',50,NULL,NULL,NULL,NULL,NULL,NULL,NULL),('qinyoyo313','qinyoyo.sys_user',100,'wechatOpenid','微信openId','wechat_openid','4','','false_if_null','','1','','','','',0,'','',0,'','','varchar',50,NULL,NULL,NULL,NULL,NULL,NULL,NULL),('qinyoyo314','qinyoyo.sys_user',70,'regTime','注册时间','reg_time','0',NULL,'datetime','','1','','','','',0,'',NULL,0,'','','datetime',NULL,NULL,NULL,NULL,NULL,NULL,NULL,NULL),('qinyoyo315','qinyoyo.sys_user',150,'locked','被锁定','locked','0','0','boolean','','0',NULL,NULL,NULL,NULL,0,NULL,NULL,0,NULL,NULL,'tinyint(1)',NULL,1,0,NULL,NULL,NULL,NULL,NULL),('qinyoyo316','qinyoyo.sys_user',160,'state','激活','state','0','1','boolean','','0',NULL,NULL,NULL,NULL,0,NULL,NULL,0,NULL,NULL,'tinyint(1)',NULL,1,0,NULL,NULL,NULL,NULL,NULL),('qinyoyo317','qinyoyo.sys_user',140,'roleList','角色序列','role_list','0','','select','','1','','只有超级管理员才能赋权','sys_role','id',1,'name',NULL,0,'','','varchar',200,NULL,NULL,NULL,NULL,NULL,NULL,NULL),('qinyoyo318','qinyoyo.sys_user',190,'expiredTime','账号过期时间','expired_time','0',NULL,'date',NULL,'1',NULL,NULL,NULL,NULL,0,NULL,NULL,0,NULL,NULL,'date',NULL,NULL,NULL,NULL,NULL,NULL,NULL,NULL),('qinyoyo319','qinyoyo.sys_user',200,'passwordExpiredTime','密码过期时间','password_expired_time','0',NULL,'date',NULL,'1',NULL,NULL,NULL,NULL,0,NULL,NULL,0,NULL,NULL,'date',NULL,NULL,NULL,NULL,NULL,NULL,NULL,NULL),('qinyoyo32','qinyoyo.cg_field',170,'dictText','字典Text','dict_text','0','','text','','1','','字典表显示字段，字典表为空时表示列表的的显示值列表(code,text完全相同时省略该字段),f:开头可定义一个返回String[]的函数调用/逗号分隔的join的entity字段序列.每一个字段可以用|分隔依次设置list显示、update宽度、查询宽度三个属性/替代显示的字段','','',0,'','',0,'','','varchar',1000,NULL,NULL,NULL,NULL,NULL,NULL,NULL),('qinyoyo320','qinyoyo.sys_user',20,'icon','头像','icon','0',NULL,'image','128,,1','1',NULL,NULL,NULL,NULL,0,NULL,NULL,0,NULL,NULL,'text',500,NULL,NULL,NULL,NULL,NULL,NULL,NULL),('qinyoyo322','qinyoyo.sys_user',60,'birthDate','生日','birth_date','0',NULL,'date','','1','','','','',0,'',NULL,0,'','','date',NULL,NULL,NULL,NULL,NULL,NULL,NULL,NULL),('qinyoyo324','qinyoyo.cg_table',130,'actionList','功能列表','action_list','0','add,view,edit,delete,batdel,impo','checkbox','','1','','需要生成的主要操作','','list,add,view,edit,delete,batdel,import,export,flow,query,editInline_add',0,'','',0,'','','varchar',200,NULL,NULL,NULL,NULL,NULL,NULL,NULL),('qinyoyo33','qinyoyo.cg_field',200,'dictParent','父亲字段名','dict_parent','0','','text','','1','','树形字典父亲的定义字段','','',0,'','',0,'','','varchar',100,NULL,NULL,NULL,NULL,NULL,NULL,NULL),('qinyoyo34','qinyoyo.cg_field',210,'dictParentField','树键值字段','dict_parent_field','0','','text','','1','','来指定与树父亲字段关联的主键字段。省略时采用主键匹配。','','',0,'','',0,'','','varchar',100,NULL,NULL,NULL,NULL,NULL,NULL,NULL),('qinyoyo35','qinyoyo.cg_field',160,'dictMultiple','多选','dict_multiple','0','0','boolean','','0','','select表示多选,join设置为多选时,可批量选择快速插入数据(关联字段为join列表选择,其余字段值相同）','','',0,'','',0,'','','tinyint(1)',1,0,NULL,NULL,NULL,NULL,NULL,NULL),('qinyoyo36','qinyoyo.cg_field',190,'dictFullName','显示全名','dict_full_name','0','0','boolean','','0','','对于树形结构select有效，表示显示全名/是否允许输入字典值','','',0,'','',0,'','','tinyint(1)',1,0,NULL,NULL,NULL,NULL,NULL,NULL),('qinyoyo368','qinyoyo.sys_menu',15,'sortNum','排列顺序','sort_num','0','10','number','','0','0,,1',NULL,NULL,NULL,0,NULL,NULL,0,NULL,NULL,'int',NULL,10,0,NULL,NULL,NULL,NULL,NULL),('qinyoyo369','qinyoyo.sys_menu',120,'jsCmd','操作函数','js_cmd','0',NULL,'text',NULL,'1',NULL,'指定一个js操作函数(menu-functions.js中定义)，权限由路由地址决定。为空时进行路由跳转','',NULL,0,NULL,NULL,0,NULL,NULL,'varchar',45,NULL,NULL,NULL,NULL,NULL,NULL,NULL),('qinyoyo37','qinyoyo.cg_field',230,'length','字段长','length','0','36','number','','1','1,500,1','','','',0,'',NULL,0,'','','int',NULL,10,NULL,NULL,NULL,NULL,NULL,NULL),('qinyoyo370','qinyoyo.sys_menu',70,'className','附加属性','class_name','0',NULL,'text',NULL,'1',NULL,NULL,NULL,NULL,0,NULL,NULL,0,NULL,NULL,'varchar',45,NULL,NULL,NULL,NULL,NULL,NULL,NULL),('qinyoyo371','qinyoyo.sys_menu',80,'dataAction','附加参数','data_action','0',NULL,'text',NULL,'1','','json表达式,为js操作指定参数',NULL,NULL,0,NULL,NULL,0,NULL,NULL,'varchar',200,NULL,NULL,NULL,NULL,NULL,NULL,NULL),('qinyoyo372','qinyoyo.sys_menu',45,'isDivider','分割线','is_divider','0','0','boolean','','0',NULL,NULL,NULL,NULL,0,NULL,NULL,0,NULL,NULL,'tinyint(1)',NULL,3,0,NULL,NULL,NULL,NULL,NULL),('qinyoyo38','qinyoyo.cg_field',240,'numericPrecision','小数位长','numeric_precision','0',NULL,'text',NULL,'1',NULL,NULL,NULL,NULL,0,NULL,NULL,0,NULL,NULL,'int',NULL,10,NULL,NULL,NULL,NULL,NULL,NULL),('qinyoyo39','qinyoyo.cg_field',250,'numericScale','小数精度','numeric_scale','0',NULL,'text',NULL,'1',NULL,NULL,NULL,NULL,0,NULL,NULL,0,NULL,NULL,'int',NULL,10,NULL,NULL,NULL,NULL,NULL,NULL),('qinyoyo40','qinyoyo.cg_table',10,'id','主键ID','id','3','','text','','0','','','','',0,'',NULL,0,'','','varchar',32,10,NULL,NULL,NULL,NULL,NULL,NULL),('qinyoyo403','qinyoyo.ad_exception',10,'id','','id','1',NULL,'number','%d','0','0,,1',NULL,NULL,NULL,0,NULL,NULL,0,NULL,NULL,'int',NULL,10,0,NULL,NULL,NULL,NULL,NULL),('qinyoyo404','qinyoyo.ad_exception',20,'shiftId','排班编号','shift_id','0','','number','%d','0','0,,1','','','',0,'',NULL,0,'','','int',NULL,10,0,'ad_shift','id','CASCADE','CASCADE',NULL),('qinyoyo405','qinyoyo.ad_exception',40,'startDate','开始日期','start_date','0',NULL,'date','','0',NULL,NULL,NULL,NULL,0,NULL,NULL,0,NULL,NULL,'date',NULL,NULL,NULL,NULL,NULL,NULL,NULL,NULL),('qinyoyo406','qinyoyo.ad_exception',30,'endDate','结束日期(含)','end_date','0',NULL,'date','','0',NULL,NULL,NULL,NULL,0,NULL,NULL,0,NULL,NULL,'date',NULL,NULL,NULL,NULL,NULL,NULL,NULL,NULL),('qinyoyo407','qinyoyo.ad_exception',50,'weekDay','工作属性','week_day','0','','select','%d','0','','用此星期属性查找上下班时间,无匹配则定义为节假日','sys_week','',0,'',NULL,0,'','','int',NULL,10,0,NULL,NULL,NULL,NULL,NULL),('qinyoyo41','qinyoyo.cg_table',40,'code','cg代码','code','11','','text','','0','[a-z][a-z0-9]+(_[a-z][a-z0-9]+)*','小写字母开头的小写字符数字串,可使用下划线_为连字符','','',0,'',NULL,0,'','','varchar',45,NULL,NULL,NULL,NULL,NULL,NULL,NULL),('qinyoyo415','qinyoyo.ad_shift',10,'id','','id','1',NULL,'number','%d','0','0,,1',NULL,NULL,NULL,0,NULL,NULL,0,NULL,NULL,'int',NULL,10,0,NULL,NULL,NULL,NULL,NULL),('qinyoyo416','qinyoyo.ad_shift',20,'name','排班名称','name','0',NULL,'text',NULL,'0','^(\\S.*?\\S|\\S)$',NULL,NULL,NULL,0,NULL,NULL,0,NULL,NULL,'varchar',45,NULL,NULL,NULL,NULL,NULL,NULL,NULL),('qinyoyo417','qinyoyo.ad_shift',30,'startDate','启用日期','start_date','0',NULL,'date','','0',NULL,NULL,NULL,NULL,0,NULL,NULL,0,NULL,NULL,'date',NULL,NULL,NULL,NULL,NULL,NULL,NULL,NULL),('qinyoyo418','qinyoyo.ad_shift',40,'endDate','终止时间(含)','end_date','0',NULL,'date','','0',NULL,NULL,NULL,NULL,0,NULL,NULL,0,NULL,NULL,'date',NULL,NULL,NULL,NULL,NULL,NULL,NULL,NULL),('qinyoyo42','qinyoyo.cg_table',50,'name','数据库表','name','0','','text','','1','js:!value || value==(this.record.project+\'_\'+this.record.code)','项目简写_代码定义code','','',0,'',NULL,0,'','','varchar',32,NULL,NULL,NULL,NULL,NULL,NULL,NULL),('qinyoyo420','qinyoyo.ad_shift',60,'minutesPerDay','工作时长(分)','minutes_per_day','0','480','number','%d','0','0,,1',NULL,NULL,NULL,0,NULL,NULL,0,NULL,NULL,'int',NULL,10,0,NULL,NULL,NULL,NULL,NULL),('qinyoyo421','qinyoyo.ad_shift_time',10,'id','','id','1',NULL,'number','%d','0','0,,1',NULL,NULL,NULL,0,NULL,NULL,0,NULL,NULL,'int',NULL,10,0,NULL,NULL,NULL,NULL,NULL),('qinyoyo422','qinyoyo.ad_shift_time',20,'shiftId','排班编号','shift_id','0',NULL,'number','%d','0','0,,1',NULL,NULL,NULL,0,NULL,NULL,0,NULL,NULL,'int',NULL,10,0,'ad_shift','id','CASCADE','CASCADE',NULL),('qinyoyo423','qinyoyo.ad_shift_time',30,'weekDays','工作日序列','week_days','0','1,2,3,4,5','select','','0','','只有定义了上下班时间的工作日才会统计计算考勤','sys_week','',1,'',NULL,0,'','','varchar',45,NULL,NULL,NULL,NULL,NULL,NULL,NULL),('qinyoyo424','qinyoyo.ad_shift_time',40,'startWorkTime','上班时间','start_work_time','0',NULL,'time','HH:mm','0',NULL,NULL,NULL,NULL,0,NULL,NULL,0,NULL,NULL,'time(6)',NULL,NULL,NULL,NULL,NULL,NULL,NULL,NULL),('qinyoyo425','qinyoyo.ad_shift_time',50,'endWorkTime','下班时间','end_work_time','0',NULL,'time','HH:mm','0',NULL,NULL,NULL,NULL,0,NULL,NULL,0,NULL,NULL,'time(6)',NULL,NULL,NULL,NULL,NULL,NULL,NULL,NULL),('qinyoyo43','qinyoyo.cg_table',60,'title','标题','title','0','','text','','0','','表格大标题','','',0,'',NULL,0,'','','varchar',32,NULL,NULL,NULL,NULL,NULL,NULL,NULL),('qinyoyo45','qinyoyo.cg_table',80,'subPackage','子包','sub_package','0','','text','','1','[a-z,A-Z,_]+','子包，一般为大项目的某一个模块名称，单个词，不允许包含.号','','',0,'',NULL,0,'','','varchar',30,NULL,NULL,NULL,NULL,NULL,NULL,NULL),('qinyoyo46','qinyoyo.cg_table',90,'entity','Entity类名','entity','0','','text','','1','[A-Z][a-z0-9]+([A-Z][a-z0-9]+)*','对应的实体类名称,大写字母开头,仅允许使用字母和数字，要求为code的驼峰表达式','','',0,'',NULL,0,'','','varchar',32,NULL,NULL,NULL,NULL,NULL,NULL,NULL),('qinyoyo463','qinyoyo.sys_message',10,'id','主键','id','1','','text','','0','','','','',0,'','',0,'','','int',NULL,NULL,NULL,NULL,NULL,NULL,NULL,NULL),('qinyoyo465','qinyoyo.sys_message',30,'title','消息标题','title','0','','text','','0','','','','',0,'',NULL,0,'','','varchar',100,NULL,NULL,NULL,NULL,NULL,NULL,NULL),('qinyoyo466','qinyoyo.sys_message',40,'content','消息内容','content','0','','textarea','','0','','','','',0,'',NULL,0,'','','text',500,NULL,NULL,NULL,NULL,NULL,NULL,NULL),('qinyoyo467','qinyoyo.sys_message',50,'url','消息点击链接','url','0',NULL,'text',NULL,'1',NULL,NULL,NULL,NULL,0,NULL,NULL,0,NULL,NULL,'varchar',100,NULL,NULL,NULL,NULL,NULL,NULL,NULL),('qinyoyo468','qinyoyo.sys_message',60,'receiver','消息接收人','receiver','0',NULL,'text',NULL,'1',NULL,NULL,NULL,NULL,0,NULL,NULL,0,NULL,NULL,'varchar',50,NULL,NULL,NULL,NULL,NULL,NULL,NULL),('qinyoyo469','qinyoyo.sys_message',13,'receiverName','消息接收人姓名','receiver_name','0','','text','','1','','','','',0,'',NULL,0,'','','varchar',50,NULL,NULL,NULL,NULL,NULL,NULL,NULL),('qinyoyo47','qinyoyo.cg_table',100,'template','模板名','template','0',NULL,'select','','0','','生成的页面风格模板','','vue-element',0,'',NULL,0,'','','varchar',32,NULL,NULL,NULL,NULL,NULL,NULL,NULL),('qinyoyo470','qinyoyo.sys_message',80,'sender','消息发送人','sender','0',NULL,'text',NULL,'1',NULL,NULL,NULL,NULL,0,NULL,NULL,0,NULL,NULL,'varchar',100,NULL,NULL,NULL,NULL,NULL,NULL,NULL),('qinyoyo471','qinyoyo.sys_message',15,'senderName','消息发送人姓名','sender_name','0','','text','','1','','','','',0,'',NULL,0,'','','varchar',50,NULL,NULL,NULL,NULL,NULL,NULL,NULL),('qinyoyo472','qinyoyo.sys_message',11,'readTime','已阅','read_time','0','','false_if_null','','1','','','','',0,'','',0,'','','datetime',NULL,NULL,NULL,NULL,NULL,NULL,NULL,NULL),('qinyoyo473','qinyoyo.sys_message',12,'createTime','创建时间','create_time','0','','datetime','','0','','','','',0,'','',0,'','','datetime',NULL,NULL,NULL,'',NULL,'','',NULL),('qinyoyo506','qinyoyo.ad_special_shift',10,'id','','id','1',NULL,'number','%d','0','0,,1',NULL,NULL,NULL,0,NULL,NULL,0,NULL,NULL,'int',NULL,10,0,NULL,NULL,NULL,NULL,NULL),('qinyoyo507','qinyoyo.ad_special_shift',20,'shiftMode','排班属性','shift_mode','0','','radio','','0','','','','f:{String.valueOf(AdUtil.ss_free),String.valueOf(AdUtil.ss_adjust_shift),String.valueOf(AdUtil.ss_overwork)}',0,'休假,调整排班,安排加班','',0,'','','int',NULL,10,0,NULL,NULL,NULL,NULL,NULL),('qinyoyo508','qinyoyo.ad_special_shift',30,'startDate','启用时间','start_date','0',NULL,'date','','0',NULL,NULL,NULL,NULL,0,NULL,NULL,0,NULL,NULL,'date',NULL,NULL,NULL,NULL,NULL,NULL,NULL,NULL),('qinyoyo509','qinyoyo.ad_special_shift',40,'endDate','结束时间(含)','end_date','0',NULL,'date','','0',NULL,NULL,NULL,NULL,0,NULL,NULL,0,NULL,NULL,'date',NULL,NULL,NULL,NULL,NULL,NULL,NULL,NULL),('qinyoyo510','qinyoyo.ad_special_shift',50,'orgCodes','部门','org_codes','0',NULL,'select',NULL,'0',NULL,'对本部门以及下属部门员工有效','select org_code,name from sys_org','org_code',1,'name',NULL,0,'parent',NULL,'varchar',300,NULL,NULL,NULL,NULL,NULL,NULL,NULL),('qinyoyo511','qinyoyo.ad_special_shift',60,'sexProperty','性别','sex_property','0','','radio','inline','1','','满足此性别条件有效','sys_sex',NULL,0,NULL,NULL,0,'','','int',NULL,10,0,NULL,NULL,NULL,NULL,NULL),('qinyoyo512','qinyoyo.ad_special_shift',70,'ageProperty0','年龄0','age_property0','0','','number','%d','1','0,,1','年龄大于等于此值的员工有效','','',0,'',NULL,0,'','','int',NULL,10,0,NULL,NULL,NULL,NULL,NULL),('qinyoyo513','qinyoyo.ad_special_shift',80,'ageProperty1','年龄1','age_property1','0','','number','%d','1','0,,1','年龄小于等于此值的员工有效','','',0,'',NULL,0,'','','int',NULL,10,0,NULL,NULL,NULL,NULL,NULL),('qinyoyo514','qinyoyo.ad_special_shift',90,'levelProperty0','职级0','level_property0','0','','number','%d','1','0,,1','职务级别大于等于此值的员工有效','','',0,'',NULL,0,'','','int',NULL,10,0,NULL,NULL,NULL,NULL,NULL),('qinyoyo515','qinyoyo.ad_special_shift',100,'levelProperty1','职级1','level_property1','0','','number','%d','1','0,,1','职务级别小于等于此值的员工有效','','',0,'',NULL,0,'','','int',NULL,10,0,NULL,NULL,NULL,NULL,NULL),('qinyoyo516','qinyoyo.ad_special_shift',110,'description','备注','description','0',NULL,'text',NULL,'1',NULL,NULL,NULL,NULL,0,NULL,NULL,0,NULL,NULL,'varchar',45,NULL,NULL,NULL,NULL,NULL,NULL,NULL),('qinyoyo517','qinyoyo.ad_special_shift_time',10,'id','','id','1',NULL,'number','%d','0','0,,1',NULL,NULL,NULL,0,NULL,NULL,0,NULL,NULL,'int',NULL,10,0,NULL,NULL,NULL,NULL,NULL),('qinyoyo518','qinyoyo.ad_special_shift_time',20,'specialShiftId','特殊排班编号','special_shift_id','0',NULL,'number','%d','0','0,,1',NULL,NULL,NULL,0,NULL,NULL,0,NULL,NULL,'int',NULL,10,0,'ad_special_shift','id','CASCADE','CASCADE',NULL),('qinyoyo519','qinyoyo.ad_special_shift_time',30,'startTime','开始时间','start_time','0','','time','HH:mm','0','','','','',0,'',NULL,0,'','','time(6)',NULL,NULL,NULL,NULL,NULL,NULL,NULL,NULL),('qinyoyo520','qinyoyo.ad_special_shift_time',40,'endTime','结束时间','end_time','0','','time','HH:mm','0','','','','',0,'',NULL,0,'','','time(6)',NULL,NULL,NULL,NULL,NULL,NULL,NULL,NULL),('qinyoyo532','qinyoyo.ad_org',20,'orgCode','机构代码','org_code','3',NULL,'right_join',NULL,'0','0,,1',NULL,'org','org_code',0,'sys_org_code=org_code,name,parent',NULL,0,NULL,NULL,'int',NULL,10,0,'sys_org','org_code','CASCADE','CASCADE',NULL),('qinyoyo535','qinyoyo.ad_org',50,'shiftId','部门排班','shift_id','0','','select','%d','1','','','ad_shift','id',0,'name',NULL,0,'','','int',NULL,10,0,NULL,NULL,NULL,NULL,NULL),('qinyoyo537','qinyoyo.ad_org',70,'manager','考勤审核人','manager','0',NULL,'left_join',NULL,'1',NULL,'部门人事审核管理者,为空时往上级部门传递','userJoin','id',0,'manager_name=real_name,manager_org_code=orgCode',NULL,0,NULL,NULL,'varchar',36,NULL,NULL,NULL,NULL,NULL,NULL,NULL),('qinyoyo538','qinyoyo.ad_org',80,'manageLimit','审核权限','manage_limit','0','','number','%d','1','0,,1','分钟,人事审批单涉及的时长超过权限值将提交上级部门','','',0,'',NULL,0,'','','int',NULL,10,0,NULL,NULL,NULL,NULL,NULL),('qinyoyo539','qinyoyo.ad_employee',10,'id','用户','id','3',NULL,'right_join',NULL,'0',NULL,NULL,'userJoin','id',0,'real_name,sex,org_code,birth_date',NULL,0,NULL,NULL,'varchar',36,NULL,NULL,'sys_user','id','CASCADE','CASCADE',NULL),('qinyoyo543','qinyoyo.ad_employee',50,'emLevel','职务级别','em_level','0',NULL,'number',NULL,'1','0,,1',NULL,NULL,NULL,0,NULL,NULL,0,NULL,NULL,'int',NULL,10,0,NULL,NULL,NULL,NULL,NULL),('qinyoyo546','qinyoyo.ad_employee',220,'overtimeMinutes','可调休时间','overtime_minutes','0','0','number','%d','0','0,,1',NULL,NULL,NULL,0,NULL,NULL,0,NULL,NULL,'int',NULL,10,0,NULL,NULL,NULL,NULL,NULL),('qinyoyo548','qinyoyo.ad_org',100,'deviation','允许误差','deviation','0','','number','%d','1','0,,1','考勤时间允许的偏差分钟','','',0,'',NULL,0,'','','int',NULL,10,0,NULL,NULL,NULL,NULL,NULL),('qinyoyo549','qinyoyo.ad_org',110,'floatLimit','浮动范围','float_limit','0','','number','%d','1','0,,1','弹性考勤允许的最大浮动分钟数','','',0,'',NULL,0,'','','int',NULL,10,0,NULL,NULL,NULL,NULL,NULL),('qinyoyo550','qinyoyo.ad_org',120,'absentLimit','旷工底限','absent_limit','0','','number','%d','1','0,,1','迟到早退超过此分钟数被认为旷工','','',0,'',NULL,0,'','','int',NULL,10,0,NULL,NULL,NULL,NULL,NULL),('qinyoyo551','qinyoyo.ad_org',130,'freeWorkLimit','自由加班起限','free_work_limit','0','','number','%d','1','0,,1','超过此分钟数的自由加班才会被记录','','',0,'',NULL,0,'','','int',NULL,10,0,NULL,NULL,NULL,NULL,NULL),('qinyoyo552','qinyoyo.ad_shift',80,'description','描述','description','0',NULL,'text',NULL,'1',NULL,NULL,NULL,NULL,0,NULL,NULL,0,NULL,NULL,'varchar',200,NULL,NULL,NULL,NULL,NULL,NULL,NULL),('qinyoyo553','qinyoyo.ad_employee',110,'isAttendance','是否考勤','is_attendance','0','1','boolean',NULL,'0',NULL,NULL,NULL,NULL,0,NULL,NULL,0,NULL,NULL,'tinyint(1)',NULL,3,0,NULL,NULL,NULL,NULL,NULL),('qinyoyo555','qinyoyo.ad_exception',60,'description','详细描述','description','0',NULL,'text',NULL,'1',NULL,NULL,NULL,NULL,0,NULL,NULL,0,NULL,NULL,'varchar',100,NULL,NULL,NULL,NULL,NULL,NULL,NULL),('qinyoyo557','qinyoyo.ad_employee',25,'employeeNo','工号','employee_no','4',NULL,'text',NULL,'0',NULL,NULL,NULL,NULL,0,NULL,NULL,0,NULL,NULL,'varchar',32,NULL,NULL,NULL,NULL,NULL,NULL,NULL),('qinyoyo558','qinyoyo.ad_special_shift',25,'name','名称','name','0',NULL,'text',NULL,'0',NULL,NULL,NULL,NULL,0,NULL,NULL,0,NULL,NULL,'varchar',45,NULL,NULL,NULL,NULL,NULL,NULL,NULL),('qinyoyo561','qinyoyo.ad_approve_list',10,'id','','id','1',NULL,'number','%d','0','0,,1',NULL,NULL,NULL,0,NULL,NULL,0,NULL,NULL,'int',NULL,10,0,NULL,NULL,NULL,NULL,NULL),('qinyoyo562','qinyoyo.ad_approve_list',70,'adjustId','考勤调整单编号','adjust_id','0',NULL,'text',NULL,'0',NULL,NULL,NULL,NULL,0,NULL,NULL,0,NULL,NULL,'varchar',32,NULL,NULL,'ad_adjust','id','CASCADE','CASCADE',NULL),('qinyoyo563','qinyoyo.ad_approve_list',50,'state0','初始状态','state0','0','','radio','%d','1','','','','f:{String.valueOf(AdUtil.st_waiting),String.valueOf(AdUtil.st_doing),String.valueOf(AdUtil.st_passed),String.valueOf(AdUtil.st_refused)}',0,'等待审批,审批中,批准,未批准',NULL,0,'','','int',NULL,10,0,NULL,NULL,NULL,NULL,NULL),('qinyoyo564','qinyoyo.ad_approve_list',40,'state1','审批后状态','state1','0','','radio','%d','1','','','','f:{String.valueOf(AdUtil.st_waiting),String.valueOf(AdUtil.st_doing),String.valueOf(AdUtil.st_passed),String.valueOf(AdUtil.st_refused)}',0,'等待审批,审批中,批准,未批准',NULL,0,'','','int',NULL,10,0,NULL,NULL,NULL,NULL,NULL),('qinyoyo565','qinyoyo.ad_approve_list',30,'approveTime','审批时间','approve_time','0',NULL,'datetime','','0',NULL,NULL,NULL,NULL,0,NULL,NULL,0,NULL,NULL,'datetime',NULL,NULL,NULL,NULL,NULL,NULL,NULL,NULL),('qinyoyo566','qinyoyo.ad_approve_list',20,'approver','审批人','approver','0','','left_join','','1','','','userJoin','id',0,'real_name',NULL,0,'','','varchar',36,NULL,NULL,NULL,NULL,NULL,NULL,NULL),('qinyoyo567','qinyoyo.ad_approve_list',60,'approveNote','审批意见','approve_note','0',NULL,'text',NULL,'1',NULL,NULL,NULL,NULL,0,NULL,NULL,0,NULL,NULL,'varchar',200,NULL,NULL,NULL,NULL,NULL,NULL,NULL),('qinyoyo568','qinyoyo.ad_adjust',10,'id','id','id','2',NULL,'text',NULL,'0',NULL,NULL,NULL,NULL,0,NULL,NULL,0,NULL,NULL,'char',32,NULL,NULL,NULL,NULL,NULL,NULL,NULL),('qinyoyo569','qinyoyo.ad_adjust',20,'employee','职员','employee','0',NULL,'left_join',NULL,'0',NULL,NULL,'userJoin','id',0,'realName','orgCode',0,NULL,NULL,'varchar',36,NULL,NULL,NULL,NULL,NULL,NULL,NULL),('qinyoyo570','qinyoyo.ad_adjust',50,'adjustType','调整类别','adjust_type','0','10','select','%d','1','','','','f:{String.valueOf(AdUtil.ad_add_data),String.valueOf(AdUtil.ad_business_local),String.valueOf(AdUtil.ad_business_out),  String.valueOf(AdUtil.ad_leave_s),String.valueOf(AdUtil.ad_leave_b),String.valueOf(AdUtil.ad_leave_c),  String.valueOf(AdUtil.ad_leave_n),String.valueOf(AdUtil.ad_leave_t),String.valueOf(AdUtil.ad_overwork)}',0,'数据补登,市内出差,外地出差,事假,病假,产假,年假,调休,加班',NULL,0,'','','int',NULL,10,0,NULL,NULL,NULL,NULL,NULL),('qinyoyo571','qinyoyo.ad_adjust',70,'registerTime','登记时间','register_time','0',NULL,'datetime','','0','','','','',0,'',NULL,0,'','','datetime',12,NULL,NULL,NULL,NULL,NULL,NULL,NULL),('qinyoyo572','qinyoyo.ad_adjust',80,'startTime','开始时间','start_time','0','','datetime','','1','js:this.validCheckDate(value)','','','',0,'',NULL,0,'','','datetime',NULL,NULL,NULL,NULL,NULL,NULL,NULL,NULL),('qinyoyo573','qinyoyo.ad_adjust',90,'endTime','结束时间','end_time','0',NULL,'datetime',NULL,'1','js:this.validCheckDate(value,true)',NULL,NULL,NULL,0,NULL,NULL,0,NULL,NULL,'datetime',NULL,NULL,NULL,NULL,NULL,NULL,NULL,NULL),('qinyoyo574','qinyoyo.ad_adjust',100,'description','详情描述','description','0','','textarea','','0','','','','',0,'',NULL,0,'','','varchar',500,NULL,NULL,NULL,NULL,NULL,NULL,NULL),('qinyoyo575','qinyoyo.ad_adjust',60,'state','审批状态','state','0',NULL,'select','','0','','','','f:{String.valueOf(AdUtil.st_waiting),String.valueOf(AdUtil.st_doing),String.valueOf(AdUtil.st_passed),String.valueOf(AdUtil.st_refused)}',0,'等待审批,审批中,批准,未批准',NULL,0,'','','int',NULL,10,0,NULL,NULL,NULL,NULL,NULL),('qinyoyo576','qinyoyo.ad_adjust',110,'approver','后续审批人','approver','0','f:AdUtil.getManager(Util.getUser().getId())','left_join',NULL,'1',NULL,NULL,'userJoin','id',0,'approver_name=realName',NULL,0,NULL,NULL,'varchar',36,NULL,NULL,NULL,NULL,NULL,NULL,NULL),('qinyoyo578','qinyoyo.ad_org',60,'hr','人事','hr','0',NULL,'left_join',NULL,'1',NULL,'人事管理员可浏览部门及下属部门的数据','userJoin','id',0,'hr_name=real_name',NULL,0,NULL,NULL,'varchar',36,NULL,NULL,NULL,NULL,NULL,NULL,NULL),('qinyoyo579','qinyoyo.ad_adjust',30,'orgCode','部门','org_code','0',NULL,'select',NULL,'0',NULL,NULL,'select org_code,name from sys_org','org_code',0,'name',NULL,1,'parent','org_code','int',NULL,10,0,NULL,NULL,NULL,NULL,NULL),('qinyoyo580','qinyoyo.ad_adjust',40,'hr','人事','hr','0','f:AdUtil.getHr(Util.getUser().getId())','left_join',NULL,'1',NULL,NULL,'userJoin','id',0,'hr_real_name=realName',NULL,0,NULL,NULL,'varchar',45,NULL,NULL,NULL,NULL,NULL,NULL,NULL),('qinyoyo594','qinyoyo.cg_table',140,'imports','import列表','imports','0',NULL,'text',NULL,'1',NULL,NULL,NULL,NULL,0,NULL,NULL,0,NULL,NULL,'varchar',500,NULL,NULL,NULL,NULL,NULL,NULL,NULL),('qinyoyo638','qinyoyo.ad_adjust',120,'approveOrg','审批部门','approve_org','0','f:AdUtil.getManageOrg(Util.getUser().getId())','text','','1','','','','',0,'',NULL,0,'','','int',NULL,NULL,NULL,NULL,NULL,NULL,NULL,NULL),('qinyoyo658','qinyoyo.sys_message',180,'eventId','关联id','event_id','0',NULL,'text',NULL,'1',NULL,NULL,NULL,NULL,0,NULL,NULL,0,NULL,NULL,'varchar',45,NULL,NULL,NULL,NULL,NULL,NULL,NULL),('qinyoyo660','qinyoyo.ad_shift',25,'adMode','考勤模式','ad_mode','0','1','radio','%d','0','','','','f:{String.valueOf(AdUtil.md_attendance),String.valueOf(AdUtil.md_sign_in)}',0,'完整考勤,签到模式',NULL,0,'','','int',NULL,3,0,NULL,NULL,NULL,NULL,NULL),('qinyoyo661','qinyoyo.ad_data',10,'id','','id','2',NULL,'text',NULL,'0',NULL,NULL,NULL,NULL,0,NULL,NULL,0,NULL,NULL,'varchar',36,NULL,NULL,NULL,NULL,NULL,NULL,NULL),('qinyoyo663','qinyoyo.ad_data',60,'recTime','时间','rec_time','0','','datetime','','0','','','','',0,'',NULL,0,'','','datetime',NULL,NULL,NULL,NULL,NULL,NULL,NULL,NULL),('qinyoyo664','qinyoyo.ad_data',50,'recType','类别','rec_type','0','3','select','%d','0','','','','f:{String.valueOf(AdUtil.workOn),String.valueOf(AdUtil.workOff),String.valueOf(AdUtil.workUnknown)}',0,'上班,下班,未知',NULL,0,'','','int',NULL,10,0,NULL,NULL,NULL,NULL,NULL),('qinyoyo665','qinyoyo.ad_data',40,'recSource','来源','rec_source','0',NULL,'text',NULL,'1',NULL,NULL,NULL,NULL,0,NULL,NULL,0,NULL,NULL,'varchar',45,NULL,NULL,NULL,NULL,NULL,NULL,NULL),('qinyoyo666','qinyoyo.ad_data',80,'dateDate','日期','date_date:date(rec_time)','0','','date','','0','','','','',0,'','',0,'','','date',NULL,NULL,NULL,NULL,NULL,NULL,NULL,NULL),('qinyoyo667','qinyoyo.ad_data',90,'dateTime','时间','date_time:time(rec_time)','0','','time','','0','','','','',0,'','',0,'','','time',NULL,NULL,NULL,NULL,NULL,NULL,NULL,NULL),('qinyoyo669','qinyoyo.ad_shift_time',25,'name','详细描述','name','0','','select','','0','','','ad_shift_name','',0,'',NULL,0,'','','varchar',100,NULL,NULL,NULL,NULL,NULL,NULL,NULL),('qinyoyo670','qinyoyo.ad_special_shift_time',25,'name','名称','name','0','','select','','0','','','ad_shift_name','',0,'',NULL,0,'','','varchar',45,NULL,NULL,NULL,NULL,NULL,NULL,NULL),('qinyoyo671','qinyoyo.ad_day_result',10,'id','','id','1',NULL,'number','%d','0','0,,1',NULL,NULL,NULL,0,NULL,NULL,0,NULL,NULL,'int',NULL,10,0,NULL,NULL,NULL,NULL,NULL),('qinyoyo672','qinyoyo.ad_day_result',20,'orgCode','部门','org_code','0',NULL,'select',NULL,'0',NULL,NULL,'SELECT org_code, name from sys_org','org_code',0,'name',NULL,0,'parent','org_code','int',NULL,10,0,NULL,NULL,NULL,NULL,NULL),('qinyoyo673','qinyoyo.ad_day_result',30,'employee','员工','employee','0',NULL,'text',NULL,'0',NULL,NULL,'adEmployeeJoin','id',0,'real_name,is_attendance','orgCode',0,NULL,NULL,'varchar',45,NULL,NULL,NULL,NULL,NULL,NULL,NULL),('qinyoyo674','qinyoyo.ad_day_result',40,'employeeNo','工号','employee_no','0',NULL,'inner_join',NULL,'0',NULL,NULL,'adEmployee','employee_no',0,'is_attendance,realName',NULL,0,NULL,NULL,'varchar',45,NULL,NULL,NULL,NULL,NULL,NULL,NULL),('qinyoyo675','qinyoyo.ad_day_result',50,'realName','姓名','real_name','0','','text','','0','','','','',0,'',NULL,0,'','','varchar',45,NULL,NULL,NULL,NULL,NULL,NULL,NULL),('qinyoyo676','qinyoyo.ad_day_result',60,'adDate','日期','ad_date','0',NULL,'date','','0','','','','',0,'','',0,'','','date',NULL,NULL,NULL,NULL,NULL,NULL,NULL,NULL),('qinyoyo677','qinyoyo.ad_day_result',70,'shiftName','班次','shift_name','0',NULL,'text',NULL,'0',NULL,NULL,NULL,NULL,0,NULL,NULL,0,NULL,NULL,'varchar',45,NULL,NULL,NULL,NULL,NULL,NULL,NULL),('qinyoyo678','qinyoyo.ad_day_result',80,'state','考勤','state','0',NULL,'number','%d','0','0,,1',NULL,NULL,NULL,0,NULL,NULL,0,NULL,NULL,'int',NULL,10,0,NULL,NULL,NULL,NULL,NULL),('qinyoyo679','qinyoyo.ad_day_result',90,'stateName','考勤描述','state_name','0',NULL,'text',NULL,'0',NULL,NULL,NULL,NULL,0,NULL,NULL,0,NULL,NULL,'varchar',45,NULL,NULL,NULL,NULL,NULL,NULL,NULL),('qinyoyo681','qinyoyo.ad_day_result',110,'times','次数','times','0','1','number','%d','0','0,,1',NULL,NULL,NULL,0,NULL,NULL,0,NULL,NULL,'int',NULL,10,0,NULL,NULL,NULL,NULL,NULL),('qinyoyo682','qinyoyo.ad_day_result',120,'minutes','时长','minutes','0','0','number','f:return minutesFormat(value) ','0','0,,1','','','',0,'',NULL,0,'','','int',NULL,10,0,NULL,NULL,NULL,NULL,NULL),('qinyoyo683','qinyoyo.ad_day_result',130,'workMinutes','工作时长','work_minutes','0','0','number','f:return minutesFormat(value) ','0','0,,1','','','',0,'',NULL,0,'','','int',NULL,10,0,NULL,NULL,NULL,NULL,NULL),('qinyoyo684','qinyoyo.ad_day_result',25,'orgName','部门名','org_name','0','','text','','0','','','','',0,'',NULL,0,'','','varchar',100,NULL,NULL,NULL,NULL,NULL,NULL,NULL),('qinyoyo693','qinyoyo.ad_day_result',260,'shiftId','班次排序','shift_id','0','0','number','%d','0','0,,1',NULL,NULL,NULL,0,NULL,NULL,0,NULL,NULL,'int',NULL,10,0,NULL,NULL,NULL,NULL,NULL),('qinyoyo697','qinyoyo.ad_employee',180,'enterDate','入职日期','enter_date','0',NULL,'date','','1',NULL,NULL,NULL,NULL,0,NULL,NULL,0,NULL,NULL,'date',NULL,NULL,NULL,NULL,NULL,NULL,NULL,NULL),('qinyoyo698','qinyoyo.ad_employee',200,'leaveDate','离职日期','leave_date','0',NULL,'date','','1',NULL,NULL,NULL,NULL,0,NULL,NULL,0,NULL,NULL,'date',NULL,NULL,NULL,NULL,NULL,NULL,NULL,NULL),('qinyoyo700','qinyoyo.sys_task',10,'id','','id','1',NULL,'number','%d','0','0,,1',NULL,NULL,NULL,0,NULL,NULL,0,NULL,NULL,'int',NULL,10,0,NULL,NULL,NULL,NULL,NULL),('qinyoyo701','qinyoyo.sys_task',20,'name','任务名','name','0',NULL,'text',NULL,'0',NULL,NULL,NULL,NULL,0,NULL,NULL,0,NULL,NULL,'varchar',45,NULL,NULL,NULL,NULL,NULL,NULL,NULL),('qinyoyo702','qinyoyo.sys_task',30,'description','详细说明','description','0',NULL,'text',NULL,'1',NULL,NULL,NULL,NULL,0,NULL,NULL,0,NULL,NULL,'varchar',300,NULL,NULL,NULL,NULL,NULL,NULL,NULL),('qinyoyo703','qinyoyo.sys_task',40,'sceduleYears','调度年','scedule_years','0','*','text','','0','','逗号分隔的调度年份。*表示所有的年','','',0,'',NULL,0,'','','varchar',100,NULL,NULL,NULL,NULL,NULL,NULL,NULL),('qinyoyo704','qinyoyo.sys_task',50,'scheduleMonths','调度月','schedule_months','0','*','text',NULL,'0',NULL,NULL,NULL,NULL,0,NULL,NULL,0,NULL,NULL,'varchar',100,NULL,NULL,NULL,NULL,NULL,NULL,NULL),('qinyoyo705','qinyoyo.sys_task',60,'scheduleDays','调度日','schedule_days','0','*','text',NULL,'0',NULL,NULL,NULL,NULL,0,NULL,NULL,0,NULL,NULL,'varchar',100,NULL,NULL,NULL,NULL,NULL,NULL,NULL),('qinyoyo706','qinyoyo.sys_task',80,'scheduleHours','调度时','schedule_hours','0','*','text',NULL,'0',NULL,NULL,NULL,NULL,0,NULL,NULL,0,NULL,NULL,'varchar',100,NULL,NULL,NULL,NULL,NULL,NULL,NULL),('qinyoyo707','qinyoyo.sys_task',90,'scheduleMinutes','调度分','schedule_minutes','0','*','text','','0','','0,10,20,30,40,50,等10分钟为单位','','',0,'',NULL,0,'','','varchar',100,NULL,NULL,NULL,NULL,NULL,NULL,NULL),('qinyoyo708','qinyoyo.sys_task',70,'scheduleWeeks','调度星期','schedule_weeks','0','*','text','','0','','0-6分别表示星期日-星期六','','',1,'',NULL,0,'','','varchar',100,NULL,NULL,NULL,NULL,NULL,NULL,NULL),('qinyoyo709','qinyoyo.sys_task',100,'className','类名','class_name','0','','text','','0','','sql表示执行sql语句','','',0,'',NULL,0,'','','varchar',100,NULL,NULL,NULL,NULL,NULL,NULL,NULL),('qinyoyo710','qinyoyo.sys_task',110,'mothodName','方法','mothod_name','0','','text','','0','','方法名或sql语句','','',0,'',NULL,0,'','','varchar',500,NULL,NULL,NULL,NULL,NULL,NULL,NULL),('qinyoyo711','qinyoyo.sys_task',130,'parames','参数','parames','0','','text','','1','','传递的参数','','',0,'',NULL,0,'','','varchar',100,NULL,NULL,NULL,NULL,NULL,NULL,NULL),('qinyoyo712','qinyoyo.sys_task',120,'isStatic','静态方法','is_static','0','1','boolean',NULL,'0',NULL,NULL,NULL,NULL,0,NULL,NULL,0,NULL,NULL,'tinyint(1)',NULL,3,0,NULL,NULL,NULL,NULL,NULL),('qinyoyo713','qinyoyo.ad_data',20,'employeeNo','工号','employee_no','5',NULL,'left_join',NULL,'0',NULL,NULL,'adEmployee','employee_no',0,'姓名=real_name=real_name,is_attendance,org_code',NULL,0,NULL,NULL,'varchar',45,NULL,NULL,NULL,NULL,NULL,NULL,NULL),('qinyoyo715','qinyoyo.cg_table',190,'creator','创建人','creator','0','js:this.$store.state.user.name','text','','0','','','','',0,'',NULL,0,'','','varchar',45,NULL,NULL,NULL,NULL,NULL,NULL,NULL),('qinyoyo716','qinyoyo.sys_log',30,'keyword','关键词','keyword','0',NULL,'text',NULL,'0',NULL,NULL,NULL,NULL,0,NULL,NULL,0,NULL,NULL,'varchar',100,NULL,NULL,NULL,NULL,NULL,NULL,NULL),('qinyoyo718','qinyoyo.ad_data',70,'isUsed','被使用','is_used','0','0','boolean',NULL,'0',NULL,NULL,NULL,NULL,0,NULL,NULL,0,NULL,NULL,'boolean',NULL,3,0,NULL,NULL,NULL,NULL,NULL),('qinyoyo719','qinyoyo.sys_task',140,'isRunning','运行中','is_running','0','1','boolean','','0','','','','',0,'',NULL,0,'','','tinyint(1)',1,NULL,NULL,NULL,NULL,NULL,NULL,NULL),('qinyoyo720','qinyoyo.sys_task',15,'run','Run',NULL,'0','','text','f:return action_formatter(row)','0','','','','',0,'',NULL,0,'','','varchar',NULL,NULL,NULL,NULL,NULL,NULL,NULL,NULL),('qinyoyo721','qinyoyo.sys_flow_process',10,'id','','id','2',NULL,'text',NULL,'0',NULL,NULL,NULL,NULL,0,NULL,NULL,0,NULL,NULL,'varchar',36,NULL,NULL,NULL,NULL,NULL,NULL,NULL),('qinyoyo722','qinyoyo.sys_flow_process',20,'flowId','流程单','flow_id','0',NULL,'text',NULL,'0',NULL,NULL,NULL,NULL,0,NULL,NULL,0,NULL,NULL,'varchar',36,NULL,NULL,NULL,NULL,NULL,NULL,NULL),('qinyoyo723','qinyoyo.sys_flow_process',120,'state0','初始状态','state0','0',NULL,'text','%d','1',NULL,NULL,NULL,NULL,0,NULL,NULL,0,NULL,NULL,'int',NULL,10,0,NULL,NULL,NULL,NULL,NULL),('qinyoyo724','qinyoyo.sys_flow_process',130,'state1','处理后状态','state1','0',NULL,'text','%d','0',NULL,NULL,NULL,NULL,0,NULL,NULL,0,NULL,NULL,'int',NULL,10,0,NULL,NULL,NULL,NULL,NULL),('qinyoyo725','qinyoyo.sys_flow_process',50,'operator','处理人','operator','0','','left_join','','0','','','userJoin','id',0,'real_name',NULL,0,'','','varchar',36,NULL,NULL,NULL,NULL,NULL,NULL,NULL),('qinyoyo726','qinyoyo.sys_flow_process',110,'nextOperator','后续处理人','next_operator','0','','left_join','','1','','','userJoin','id',0,'real_name',NULL,0,'','','varchar',45,NULL,NULL,NULL,NULL,NULL,NULL,NULL),('qinyoyo727','qinyoyo.sys_flow_process',30,'operation','操作','operation','0',NULL,'text',NULL,'1',NULL,NULL,NULL,NULL,0,NULL,NULL,0,NULL,NULL,'varchar',36,NULL,NULL,NULL,NULL,NULL,NULL,NULL),('qinyoyo728','qinyoyo.sys_flow_process',40,'selection','选择','selection','0','','text','','1','','','sys_operation_selection','',0,'','',0,'','','varchar',36,NULL,NULL,NULL,NULL,NULL,NULL,NULL),('qinyoyo729','qinyoyo.sys_flow_process',60,'time','处理时间','time','0','','datetime','yyyy-MM-dd','0','','','','',0,'',NULL,0,'','','datetime',NULL,NULL,NULL,NULL,NULL,NULL,NULL,NULL),('qinyoyo730','qinyoyo.sys_flow_process',100,'note','处理意见','note','0',NULL,'text',NULL,'1',NULL,NULL,NULL,NULL,0,NULL,NULL,0,NULL,NULL,'varchar',200,NULL,NULL,NULL,NULL,NULL,NULL,NULL),('qinyoyo731','qinyoyo.sys_flow_process',46,'stateName0','初始状态','state_name0','0',NULL,'text',NULL,'1',NULL,NULL,NULL,NULL,0,NULL,NULL,0,NULL,NULL,'varchar',45,NULL,NULL,NULL,NULL,NULL,NULL,NULL),('qinyoyo732','qinyoyo.sys_flow_process',49,'stateName1','处理后状态','state_name1','0',NULL,'text',NULL,'1',NULL,NULL,NULL,NULL,0,NULL,NULL,0,NULL,NULL,'varchar',45,NULL,NULL,NULL,NULL,NULL,NULL,NULL),('qinyoyo98','qinyoyo.cg_field',130,'validTitle','校验提示','valid_title','0','','text','','1','','验证不通过时的提示信息','','',0,'','',0,'','id','varchar',1000,NULL,NULL,NULL,NULL,NULL,NULL,NULL),('qinyoyo99','qinyoyo.cg_field',80,'defaultValue','默认值','default_value','0','','text','','1','','默认值，js:定义js代码，f:定义java代码(会增加与后台的交互，尽量用js:代替)来赋值','','',0,'',NULL,0,'','id','varchar',200,NULL,NULL,NULL,NULL,NULL,NULL,NULL),('tck add - 11-18','qinyoyo.cg_list_field',110,'width','默认宽度','width','0','128','number',NULL,'0',NULL,NULL,NULL,NULL,0,NULL,NULL,0,NULL,NULL,'int',NULL,NULL,NULL,NULL,NULL,NULL,NULL,NULL);
/*!40000 ALTER TABLE `cg_field` ENABLE KEYS */;
UNLOCK TABLES;

--
-- Table structure for table `cg_form`
--

DROP TABLE IF EXISTS `cg_form`;
/*!40101 SET @saved_cs_client     = @@character_set_client */;
/*!40101 SET character_set_client = utf8 */;
CREATE TABLE `cg_form` (
  `id` varchar(64) NOT NULL COMMENT 'ID',
  `name` varchar(45) NOT NULL COMMENT '名称',
  `path` varchar(200) NOT NULL DEFAULT 'record' COMMENT '路径',
  `table_id` varchar(32) NOT NULL COMMENT '对应表定义',
  `head_title` varchar(400) NOT NULL COMMENT 'form标题',
  `is_flow` tinyint(1) NOT NULL DEFAULT '0' COMMENT '是否流程定义',
  `icon` varchar(300) DEFAULT NULL COMMENT '图标',
  `tag_title` varchar(45) NOT NULL COMMENT 'tag标题',
  `label_position` varchar(45) NOT NULL DEFAULT 'top' COMMENT '字段标签位置',
  `is_dialog` tinyint(1) NOT NULL DEFAULT '0' COMMENT '对话框模式',
  `continue_add` tinyint(1) NOT NULL DEFAULT '1' COMMENT '连续编辑',
  `images` varchar(200) DEFAULT NULL COMMENT '顶部轮播图像',
  `view_properties` text COMMENT '视图属性',
  `form_properties` text COMMENT '表单属性',
  `slot_templates` text COMMENT 'slot模板',
  `action_list` varchar(200) DEFAULT NULL COMMENT '功能清单',
  PRIMARY KEY (`id`),
  UNIQUE KEY `ui_cg_form01` (`path`,`table_id`),
  KEY `fk_cg_form_table_id_cg_table_id` (`table_id`),
  CONSTRAINT `fk_cg_form_table_id_cg_table_id` FOREIGN KEY (`table_id`) REFERENCES `cg_table` (`id`) ON DELETE CASCADE ON UPDATE CASCADE
) ENGINE=InnoDB DEFAULT CHARSET=utf8 ROW_FORMAT=DYNAMIC COMMENT='表单定义表';
/*!40101 SET character_set_client = @saved_cs_client */;

--
-- Dumping data for table `cg_form`
--

LOCK TABLES `cg_form` WRITE;
/*!40000 ALTER TABLE `cg_form` DISABLE KEYS */;
INSERT INTO `cg_form` (`id`, `name`, `path`, `table_id`, `head_title`, `is_flow`, `icon`, `tag_title`, `label_position`, `is_dialog`, `continue_add`, `images`, `view_properties`, `form_properties`, `slot_templates`, `action_list`) VALUES ('qinyoyo.ad_adjust_addData','adjustApprove','approve','qinyoyo.ad_adjust','审批',1,'fa fa-address-card-o','审批','top',1,0,NULL,NULL,NULL,NULL,'flow'),('qinyoyo.ad_adjust_adjustRecord','adjustRecord','record','qinyoyo.ad_adjust','申请单',0,'fa fa-plus-circle','申请单','top',1,0,NULL,NULL,NULL,NULL,'flow'),('qinyoyo.ad_employee_adEmployee','adEmployee','record','qinyoyo.ad_employee','职员详情',0,'','职员详情','top',0,0,NULL,NULL,NULL,NULL,NULL),('qinyoyo.ad_exception_adException','adException','record','qinyoyo.ad_exception','调休安排',0,'','调休安排','top',0,0,NULL,NULL,NULL,NULL,NULL),('qinyoyo.ad_org_adOrg','adOrg','record','qinyoyo.ad_org','部门考勤配置信息',0,NULL,'考勤部门信息','top',1,0,NULL,NULL,NULL,NULL,NULL),('qinyoyo.ad_shift_adShift','adShift','record','qinyoyo.ad_shift','排班',0,'fa','排班','top',0,0,NULL,NULL,NULL,NULL,NULL),('qinyoyo.ad_shift_time_adShiftTime','adShiftTime','record','qinyoyo.ad_shift_time','排班时间',0,'','排班时间','top',0,1,NULL,NULL,NULL,NULL,NULL),('qinyoyo.ad_special_shift_adSpecialShift','adSpecialShift','record','qinyoyo.ad_special_shift','特殊排班',0,'','特殊排班','top',0,0,NULL,NULL,NULL,NULL,NULL),('qinyoyo.ad_special_shift_time_adSpecialShiftTime','adSpecialShiftTime','record','qinyoyo.ad_special_shift_time','特殊排班时间',0,'','特殊排班时间','top',0,1,NULL,NULL,NULL,NULL,NULL),('qinyoyo.cg_button_cgButton','cgButton','record','qinyoyo.cg_button','按钮',0,'el-icon-mouse','按钮','top',0,0,NULL,NULL,NULL,NULL,NULL),('qinyoyo.cg_field_cgField','cgField','record','qinyoyo.cg_field','字段',0,'','字段','top',0,1,NULL,NULL,NULL,NULL,'extDict'),('qinyoyo.cg_form_cgForm','cgForm','record','qinyoyo.cg_form','表单',0,NULL,'表单','top',0,0,NULL,NULL,NULL,NULL,NULL),('qinyoyo.cg_form_field_cgFormField','cgFormField','record','qinyoyo.cg_form_field','表单字段',0,NULL,'表单字段','top',0,0,NULL,NULL,NULL,NULL,NULL),('qinyoyo.cg_list_cgList','cgList','record','qinyoyo.cg_list','列表视图',0,NULL,'列表视图','top',0,0,NULL,NULL,NULL,NULL,NULL),('qinyoyo.cg_list_field_cgListField','cgListField','record','qinyoyo.cg_list_field','列表视图字段',0,'','列表视图字段','top',1,0,NULL,NULL,NULL,NULL,NULL),('qinyoyo.cg_project_cgProject','cgProject','record','qinyoyo.cg_project','新建项目',0,'','新建项目','top',1,0,NULL,NULL,NULL,NULL,NULL),('qinyoyo.cg_table_cgTable','cgTable','record','qinyoyo.cg_table','代码定义',0,'','代码定义','top',0,0,NULL,NULL,NULL,NULL,NULL),('qinyoyo.pay_bill_ewBill','ewBill','record','qinyoyo.pay_bill','消费明细',0,'','消费明细','top',1,0,NULL,NULL,NULL,NULL,NULL),('qinyoyo.pay_corporation_payCorporation','payCorporation','record','qinyoyo.pay_corporation','运营公司',0,'','运营公司','top',1,1,NULL,NULL,NULL,NULL,NULL),('qinyoyo.pay_count_project_ewCountProject','ewCountProject','record','qinyoyo.pay_count_project','计次消费项目',0,'','计次消费项目','top',1,0,NULL,NULL,NULL,NULL,NULL),('qinyoyo.pay_device_ewDevice','ewDevice','record','qinyoyo.pay_device','授信设备',0,'','授信设备','top',1,0,NULL,NULL,NULL,NULL,NULL),('qinyoyo.pay_login_payLogin','payLogin','record','qinyoyo.pay_login','签到日志',0,'','签到日志','top',1,0,NULL,NULL,NULL,NULL,NULL),('qinyoyo.pay_operator_payOperator','payOperator','record','qinyoyo.pay_operator','操作员',0,'','操作员','top',1,1,NULL,NULL,NULL,NULL,NULL),('qinyoyo.pay_pos_payPos','payPos','record','qinyoyo.pay_pos','交易终端',0,'','交易终端','top',1,0,NULL,NULL,NULL,NULL,NULL),('qinyoyo.pay_shop_payShop','payShop','record','qinyoyo.pay_shop','商店',0,'','商店','top',1,0,NULL,NULL,NULL,NULL,NULL),('qinyoyo.pay_time_project_ewTimeProject','ewTimeProject','record','qinyoyo.pay_time_project','计时消费项目',0,'','计时消费项目','top',1,0,NULL,NULL,NULL,NULL,NULL),('qinyoyo.pay_user_count_ewUserCount','ewUserCount','record','qinyoyo.pay_user_count','计次钱包',0,'','计次钱包','top',1,0,NULL,NULL,NULL,NULL,NULL),('qinyoyo.pay_user_ewUser','ewUser','record','qinyoyo.pay_user','电子钱包',0,'','电子钱包','top',1,0,NULL,NULL,NULL,NULL,NULL),('qinyoyo.pay_user_time_ewUserTime','ewUserTime','record','qinyoyo.pay_user_time','计时钱包',0,'','计时钱包','top',1,0,NULL,NULL,NULL,NULL,NULL),('qinyoyo.pm_people_group_pmPeopleGroup','pmPeopleGroup','record','qinyoyo.pm_people_group','职能人员分组',0,'','职能人员分组','top',1,1,NULL,NULL,NULL,NULL,NULL),('qinyoyo.pm_people_pmPeople','pmPeople','record','qinyoyo.pm_people','分组成员',0,' ','分组成员','top',1,0,NULL,NULL,NULL,NULL,NULL),('qinyoyo.pm_project_pmProject','pmProject','record','qinyoyo.pm_project','立项',0,'el-icon-folder-add','立项','top',1,0,NULL,NULL,NULL,NULL,'flow'),('qinyoyo.pm_project_pmProjectAssess','pmProjectFlow','assess,decision,develop,publish,review,test','qinyoyo.pm_project','市场初审,决策,启动开发,版本发布,技术评审,提交测试',1,'fa fa-binoculars,fa fa-gavel,fa fa-cc,fa fa-check,fa fa-search-plus,fa fa-user-md','项目流程','top',1,0,NULL,NULL,NULL,NULL,'flow'),('qinyoyo.pm_version_application_pmVersionApplication','pmVersionApplication','record','qinyoyo.pm_version_application','版本申请',0,'el-icon-folder-add','版本申请','top',1,0,NULL,NULL,NULL,NULL,'flow'),('qinyoyo.pm_version_application_pmVersionApplicationAssess','pmVersionFlow','assess,decision,publish,review','qinyoyo.pm_version_application','市场评审,决策,发布,技术评审',1,'fa fa-binoculars,fa fa-gavel,fa fa-check,fa fa-search-plus','版本申请','top',1,0,NULL,NULL,NULL,NULL,'flow'),('qinyoyo.sys_action_action','action','record','qinyoyo.sys_action','功能',0,'','功能','top',1,0,NULL,NULL,NULL,NULL,NULL),('qinyoyo.sys_data_dict_dataDict','dataDict','record','qinyoyo.sys_data_dict','数据字典',0,'','数据字典','top',0,1,NULL,NULL,NULL,NULL,NULL),('qinyoyo.sys_flow_process_flowProcess','flowProcess','record','qinyoyo.sys_flow_process','流程处理',0,'','流程处理','top',1,0,NULL,NULL,NULL,NULL,NULL),('qinyoyo.sys_menu_menu','menu','record','qinyoyo.sys_menu','系统菜单',0,'','系统菜单','top',0,0,NULL,NULL,NULL,NULL,NULL),('qinyoyo.sys_message_message','message','record','qinyoyo.sys_message','消息阅读',0,'fa fa-commenting-o','消息','top',1,0,NULL,NULL,NULL,NULL,NULL),('qinyoyo.sys_oauth_client_details_oauthClientDetails','oauthClientDetails','record','qinyoyo.sys_oauth_client_details','OAuth2配置',0,'','OAuth2配置','top',1,0,NULL,NULL,NULL,NULL,NULL),('qinyoyo.sys_org_org','org','record','qinyoyo.sys_org','组织机构',0,'','组织机构','top',1,0,NULL,NULL,NULL,NULL,NULL),('qinyoyo.sys_permission_permission','permission','record','qinyoyo.sys_permission','功能分配',0,'','功能分配','top',0,0,NULL,NULL,NULL,NULL,NULL),('qinyoyo.sys_role_role','role','record','qinyoyo.sys_role','角色',0,'','角色','top',1,1,NULL,NULL,NULL,NULL,NULL),('qinyoyo.sys_task_task','task','record','qinyoyo.sys_task','调度任务',0,'','调度任务','top',1,0,NULL,NULL,NULL,NULL,NULL),('qinyoyo.sys_user_user','user','record','qinyoyo.sys_user','用户',0,'','用户','top',1,1,NULL,NULL,NULL,NULL,'changePassword'),('qinyoyo.sys_user_注册','register','register','qinyoyo.sys_user','新用户注册',0,'fa fa-user-plus','注册','top',1,0,NULL,NULL,NULL,NULL,NULL);
/*!40000 ALTER TABLE `cg_form` ENABLE KEYS */;
UNLOCK TABLES;

--
-- Table structure for table `cg_form_field`
--

DROP TABLE IF EXISTS `cg_form_field`;
/*!40101 SET @saved_cs_client     = @@character_set_client */;
/*!40101 SET character_set_client = utf8 */;
CREATE TABLE `cg_form_field` (
  `id` int(11) NOT NULL AUTO_INCREMENT COMMENT 'id',
  `form_id` varchar(64) NOT NULL COMMENT 'formId',
  `order_num` int(11) NOT NULL COMMENT '排序',
  `entity_field` varchar(45) NOT NULL COMMENT '表字段',
  `width` int(11) NOT NULL DEFAULT '24' COMMENT '宽度',
  `group_title` varchar(45) DEFAULT NULL COMMENT '分组标签',
  `item_properties` text COMMENT '输入控件属性',
  `form_item_properties` text COMMENT 'form_item属性',
  `readonly` tinyint(1) NOT NULL DEFAULT '0' COMMENT '只读',
  `must_input` tinyint(1) NOT NULL DEFAULT '0' COMMENT '必填',
  `icon` varchar(64) DEFAULT NULL COMMENT '图标',
  `href` varchar(64) DEFAULT NULL COMMENT '超链接',
  `hidden` tinyint(1) NOT NULL DEFAULT '0' COMMENT '隐藏',
  `validate_as_title` tinyint(1) NOT NULL DEFAULT '0' COMMENT '显示title提示',
  `slot_templates` text COMMENT 'slot模板',
  `show_type` varchar(45) DEFAULT NULL COMMENT '更改控件类型为',
  PRIMARY KEY (`id`),
  UNIQUE KEY `ui_cg_form_field01` (`form_id`,`entity_field`),
  CONSTRAINT `fk_cg_form_field_form_id_cg_form_id` FOREIGN KEY (`form_id`) REFERENCES `cg_form` (`id`) ON DELETE CASCADE ON UPDATE CASCADE
) ENGINE=InnoDB AUTO_INCREMENT=1579 DEFAULT CHARSET=utf8 ROW_FORMAT=DYNAMIC COMMENT='表单字段定义';
/*!40101 SET character_set_client = @saved_cs_client */;

--
-- Dumping data for table `cg_form_field`
--

LOCK TABLES `cg_form_field` WRITE;
/*!40000 ALTER TABLE `cg_form_field` DISABLE KEYS */;
INSERT INTO `cg_form_field` (`id`, `form_id`, `order_num`, `entity_field`, `width`, `group_title`, `item_properties`, `form_item_properties`, `readonly`, `must_input`, `icon`, `href`, `hidden`, `validate_as_title`, `slot_templates`, `show_type`) VALUES (1,'qinyoyo.sys_action_action',100,'htmlNote',24,NULL,NULL,NULL,0,0,NULL,NULL,0,0,NULL,NULL),(2,'qinyoyo.sys_action_action',20,'value',24,NULL,NULL,NULL,0,1,NULL,NULL,0,0,NULL,NULL),(3,'qinyoyo.sys_action_action',30,'params',24,NULL,NULL,NULL,0,0,NULL,NULL,0,0,NULL,NULL),(4,'qinyoyo.sys_action_action',40,'method',24,NULL,NULL,NULL,0,1,NULL,NULL,0,0,NULL,NULL),(5,'qinyoyo.sys_action_action',5,'note',24,NULL,NULL,NULL,0,0,NULL,NULL,0,0,NULL,NULL),(35,'qinyoyo.ad_employee_adEmployee',80,'shiftId',12,NULL,NULL,NULL,0,0,NULL,NULL,0,0,NULL,NULL),(39,'qinyoyo.ad_employee_adEmployee',40,'emLevel',12,NULL,NULL,NULL,0,0,NULL,NULL,0,0,NULL,NULL),(41,'qinyoyo.ad_employee_adEmployee',50,'isAttendance',12,NULL,NULL,NULL,0,0,NULL,NULL,0,0,NULL,NULL),(42,'qinyoyo.ad_employee_adEmployee',30,'employeeNo',12,NULL,NULL,NULL,0,0,NULL,NULL,0,0,NULL,NULL),(43,'qinyoyo.ad_employee_adEmployee',60,'enterDate',12,NULL,NULL,NULL,0,0,NULL,NULL,0,0,NULL,NULL),(44,'qinyoyo.ad_employee_adEmployee',70,'leaveDate',12,NULL,NULL,NULL,0,0,NULL,NULL,0,0,NULL,NULL),(45,'qinyoyo.ad_exception_adException',30,'startDate',12,NULL,NULL,NULL,0,0,NULL,NULL,0,0,NULL,NULL),(46,'qinyoyo.ad_exception_adException',40,'endDate',12,NULL,NULL,NULL,0,0,NULL,NULL,0,0,NULL,NULL),(47,'qinyoyo.ad_exception_adException',50,'weekDay',12,NULL,NULL,NULL,0,1,NULL,NULL,0,0,NULL,NULL),(48,'qinyoyo.ad_exception_adException',70,'description',12,NULL,NULL,NULL,0,0,NULL,NULL,0,0,NULL,NULL),(73,'qinyoyo.ad_shift_adShift',20,'name',12,NULL,NULL,NULL,0,0,NULL,NULL,0,0,NULL,NULL),(74,'qinyoyo.ad_shift_adShift',30,'startDate',8,NULL,NULL,NULL,0,0,NULL,NULL,0,0,NULL,NULL),(75,'qinyoyo.ad_shift_adShift',40,'endDate',8,NULL,NULL,NULL,0,0,NULL,NULL,0,0,NULL,NULL),(76,'qinyoyo.ad_shift_adShift',60,'minutesPerDay',8,NULL,NULL,NULL,0,0,NULL,NULL,0,0,NULL,NULL),(77,'qinyoyo.ad_shift_adShift',80,'description',24,NULL,NULL,NULL,0,0,NULL,NULL,0,0,NULL,NULL),(78,'qinyoyo.ad_shift_adShift',25,'adMode',12,NULL,NULL,NULL,0,0,NULL,NULL,0,0,NULL,NULL),(79,'qinyoyo.ad_shift_time_adShiftTime',30,'weekDays',12,NULL,NULL,NULL,0,0,NULL,NULL,0,0,NULL,NULL),(80,'qinyoyo.ad_shift_time_adShiftTime',40,'startWorkTime',12,NULL,NULL,NULL,0,0,NULL,NULL,0,0,NULL,NULL),(81,'qinyoyo.ad_shift_time_adShiftTime',50,'endWorkTime',12,NULL,NULL,NULL,0,0,NULL,NULL,0,0,NULL,NULL),(82,'qinyoyo.ad_shift_time_adShiftTime',25,'name',12,NULL,NULL,NULL,0,0,NULL,NULL,0,0,NULL,NULL),(83,'qinyoyo.ad_special_shift_adSpecialShift',30,'modeProperty',12,NULL,NULL,NULL,0,0,NULL,NULL,0,0,NULL,NULL),(84,'qinyoyo.ad_special_shift_adSpecialShift',10,'shiftMode',12,NULL,NULL,NULL,0,0,NULL,NULL,0,0,NULL,NULL),(85,'qinyoyo.ad_special_shift_adSpecialShift',50,'startDate',12,NULL,NULL,NULL,0,0,NULL,NULL,0,0,NULL,NULL),(86,'qinyoyo.ad_special_shift_adSpecialShift',60,'endDate',12,NULL,NULL,NULL,0,0,NULL,NULL,0,0,NULL,NULL),(87,'qinyoyo.ad_special_shift_adSpecialShift',70,'orgCodes',24,NULL,NULL,NULL,0,0,NULL,NULL,0,0,NULL,NULL),(88,'qinyoyo.ad_special_shift_adSpecialShift',40,'sexProperty',12,NULL,NULL,NULL,0,0,NULL,NULL,0,0,NULL,NULL),(89,'qinyoyo.ad_special_shift_adSpecialShift',80,'ageProperty0',12,NULL,NULL,NULL,0,0,NULL,NULL,0,0,NULL,NULL),(90,'qinyoyo.ad_special_shift_adSpecialShift',90,'ageProperty1',12,NULL,NULL,NULL,0,0,NULL,NULL,0,0,NULL,NULL),(91,'qinyoyo.ad_special_shift_adSpecialShift',100,'levelProperty0',12,NULL,NULL,NULL,0,0,NULL,NULL,0,0,NULL,NULL),(92,'qinyoyo.ad_special_shift_adSpecialShift',110,'levelProperty1',12,NULL,NULL,NULL,0,0,NULL,NULL,0,0,NULL,NULL),(93,'qinyoyo.ad_special_shift_adSpecialShift',120,'description',24,NULL,NULL,NULL,0,0,NULL,NULL,0,0,NULL,NULL),(94,'qinyoyo.ad_special_shift_adSpecialShift',20,'name',12,NULL,NULL,NULL,0,0,NULL,NULL,0,0,NULL,NULL),(95,'qinyoyo.ad_special_shift_time_adSpecialShiftTime',30,'startTime',12,NULL,NULL,NULL,0,0,NULL,NULL,0,0,NULL,NULL),(96,'qinyoyo.ad_special_shift_time_adSpecialShiftTime',40,'endTime',12,NULL,NULL,NULL,0,0,NULL,NULL,0,0,NULL,NULL),(97,'qinyoyo.ad_special_shift_time_adSpecialShiftTime',25,'name',12,NULL,NULL,NULL,0,0,NULL,NULL,0,0,NULL,NULL),(98,'qinyoyo.cg_button_cgButton',10,'orderNum',12,NULL,NULL,NULL,0,0,NULL,NULL,0,1,NULL,NULL),(99,'qinyoyo.cg_button_cgButton',20,'action',12,NULL,NULL,NULL,0,0,NULL,NULL,0,1,NULL,NULL),(100,'qinyoyo.cg_button_cgButton',30,'title',12,NULL,NULL,NULL,0,0,NULL,NULL,0,1,NULL,NULL),(101,'qinyoyo.cg_button_cgButton',40,'icon',12,NULL,NULL,NULL,0,0,NULL,NULL,0,1,NULL,NULL),(102,'qinyoyo.cg_button_cgButton',70,'appendClass',24,NULL,NULL,NULL,0,0,NULL,NULL,0,1,NULL,NULL),(103,'qinyoyo.cg_button_cgButton',80,'displayProperties',24,NULL,NULL,NULL,0,0,NULL,NULL,0,1,NULL,NULL),(104,'qinyoyo.cg_button_cgButton',50,'actionProperty',12,NULL,NULL,NULL,0,0,NULL,NULL,0,1,NULL,NULL),(105,'qinyoyo.cg_button_cgButton',60,'rowProperty',12,NULL,NULL,NULL,0,0,NULL,NULL,0,1,NULL,NULL),(106,'qinyoyo.cg_button_cgButton',90,'confirmText',16,NULL,NULL,NULL,0,0,NULL,NULL,0,1,NULL,NULL),(107,'qinyoyo.cg_button_cgButton',100,'isRefreshList',8,NULL,NULL,NULL,0,0,NULL,NULL,0,1,NULL,NULL),(109,'qinyoyo.cg_form_field_cgFormField',60,'orderNum',12,NULL,NULL,NULL,0,1,NULL,NULL,0,1,NULL,NULL),(110,'qinyoyo.cg_form_field_cgFormField',10,'entityField',12,'基本定义',NULL,NULL,0,1,NULL,NULL,0,1,NULL,NULL),(111,'qinyoyo.cg_form_field_cgFormField',50,'width',12,NULL,NULL,NULL,0,0,NULL,NULL,0,1,NULL,NULL),(114,'qinyoyo.cg_form_cgForm',60,'path',24,NULL,NULL,NULL,0,0,NULL,NULL,0,1,NULL,NULL),(115,'qinyoyo.cg_form_cgForm',10,'tableId',12,'基本定义',NULL,NULL,1,1,NULL,NULL,0,1,NULL,NULL),(116,'qinyoyo.cg_form_cgForm',30,'isFlow',8,NULL,NULL,NULL,0,0,NULL,NULL,0,1,NULL,NULL),(120,'qinyoyo.cg_form_cgForm',70,'icon',24,NULL,NULL,NULL,0,0,NULL,NULL,0,1,NULL,NULL),(121,'qinyoyo.cg_form_cgForm',80,'headTitle',24,NULL,NULL,NULL,0,0,NULL,NULL,0,1,NULL,NULL),(122,'qinyoyo.cg_form_cgForm',90,'tagTitle',12,NULL,NULL,NULL,0,0,NULL,NULL,0,1,NULL,NULL),(123,'qinyoyo.cg_form_cgForm',100,'labelPosition',12,NULL,NULL,NULL,0,0,NULL,NULL,0,1,NULL,NULL),(126,'qinyoyo.cg_form_cgForm',40,'isDialog',8,NULL,NULL,NULL,0,0,NULL,NULL,0,1,NULL,NULL),(127,'qinyoyo.cg_form_cgForm',50,'continueAdd',8,NULL,NULL,NULL,0,0,NULL,NULL,0,1,NULL,NULL),(133,'qinyoyo.cg_list_field_cgListField',90,'orderNum',12,NULL,NULL,NULL,0,0,NULL,NULL,0,1,NULL,NULL),(134,'qinyoyo.cg_list_field_cgListField',10,'entityField',12,'基本定义',NULL,NULL,0,1,NULL,NULL,0,1,NULL,NULL),(135,'qinyoyo.cg_list_field_cgListField',20,'queryMode',12,NULL,NULL,NULL,0,0,NULL,NULL,0,1,NULL,NULL),(136,'qinyoyo.cg_list_field_cgListField',100,'fix',12,'扩展定义',NULL,NULL,0,0,NULL,NULL,0,1,NULL,NULL),(137,'qinyoyo.cg_list_field_cgListField',120,'expand',12,NULL,NULL,NULL,0,0,NULL,NULL,0,1,NULL,NULL),(138,'qinyoyo.cg_list_field_cgListField',130,'overflowTooltip',12,NULL,NULL,NULL,0,0,NULL,NULL,0,1,NULL,NULL),(139,'qinyoyo.cg_list_field_cgListField',60,'align',12,NULL,NULL,NULL,0,0,NULL,NULL,0,1,NULL,NULL),(140,'qinyoyo.cg_list_field_cgListField',110,'headerAlign',12,NULL,NULL,NULL,0,0,NULL,NULL,0,1,NULL,NULL),(141,'qinyoyo.cg_list_cgList',30,'path',8,NULL,NULL,NULL,0,1,NULL,NULL,0,1,NULL,NULL),(142,'qinyoyo.cg_list_cgList',10,'tableId',8,'基本定义',NULL,NULL,1,1,NULL,NULL,0,1,NULL,NULL),(143,'qinyoyo.cg_list_cgList',40,'icon',8,NULL,NULL,NULL,0,0,NULL,NULL,0,1,NULL,NULL),(144,'qinyoyo.cg_list_cgList',50,'headTitle',8,NULL,NULL,NULL,0,1,NULL,NULL,0,1,NULL,NULL),(145,'qinyoyo.cg_list_cgList',60,'tagTitle',8,NULL,NULL,NULL,0,1,NULL,NULL,0,1,NULL,NULL),(146,'qinyoyo.cg_list_cgList',80,'editInline',8,NULL,NULL,NULL,0,0,NULL,NULL,0,1,NULL,NULL),(147,'qinyoyo.cg_list_cgList',90,'detailInline',8,NULL,NULL,NULL,0,0,NULL,NULL,0,1,NULL,NULL),(148,'qinyoyo.cg_list_cgList',100,'sons',24,'主从/树/分组',':filterable=\"true\" :allow-create=\"true\"',NULL,0,0,NULL,NULL,0,1,NULL,NULL),(149,'qinyoyo.cg_list_cgList',110,'sonFields',24,NULL,NULL,NULL,0,0,NULL,NULL,0,1,NULL,NULL),(150,'qinyoyo.cg_list_cgList',130,'generatorType',12,NULL,NULL,NULL,0,0,NULL,NULL,0,1,NULL,NULL),(151,'qinyoyo.cg_list_cgList',200,'titleField',8,NULL,NULL,NULL,0,0,NULL,NULL,0,1,NULL,NULL),(152,'qinyoyo.cg_list_cgList',160,'parentEntity',8,NULL,NULL,NULL,0,0,NULL,NULL,0,1,NULL,NULL),(153,'qinyoyo.cg_list_cgList',150,'treeShowEntity',8,NULL,NULL,NULL,0,0,NULL,NULL,0,1,NULL,NULL),(154,'qinyoyo.cg_list_cgList',250,'showSearch',8,NULL,NULL,NULL,0,0,NULL,NULL,0,1,NULL,NULL),(156,'qinyoyo.cg_list_cgList',260,'toolbarMode',8,NULL,NULL,NULL,0,0,NULL,NULL,0,1,NULL,NULL),(157,'qinyoyo.cg_list_cgList',180,'tableHeight',8,'表格属性',NULL,NULL,0,0,NULL,NULL,0,1,NULL,NULL),(158,'qinyoyo.cg_list_cgList',240,'pagination',8,NULL,NULL,NULL,0,0,NULL,NULL,0,1,NULL,NULL),(159,'qinyoyo.cg_list_cgList',330,'orderBy',16,'',NULL,NULL,0,0,NULL,NULL,0,1,NULL,NULL),(161,'qinyoyo.cg_list_cgList',220,'stripe',8,NULL,NULL,NULL,0,0,NULL,NULL,0,1,NULL,NULL),(162,'qinyoyo.cg_list_cgList',210,'border',8,NULL,NULL,NULL,0,0,NULL,NULL,0,1,NULL,NULL),(164,'qinyoyo.cg_list_cgList',190,'maxHeight',8,NULL,NULL,NULL,0,0,NULL,NULL,0,1,NULL,NULL),(165,'qinyoyo.cg_list_cgList',230,'highlightCurrentRow',8,NULL,NULL,NULL,0,0,NULL,NULL,0,1,NULL,NULL),(166,'qinyoyo.cg_list_cgList',290,'multiple',8,NULL,NULL,NULL,0,0,NULL,NULL,0,1,NULL,NULL),(167,'qinyoyo.cg_list_cgList',270,'showSummary',8,NULL,NULL,NULL,0,0,NULL,NULL,0,1,NULL,NULL),(168,'qinyoyo.cg_list_cgList',170,'spanEntities',8,NULL,NULL,NULL,0,0,NULL,NULL,0,1,NULL,NULL),(171,'qinyoyo.cg_list_cgList',280,'showHeader',8,NULL,NULL,NULL,0,0,NULL,NULL,0,1,NULL,NULL),(184,'qinyoyo.sys_data_dict_dataDict',20,'dict',12,NULL,NULL,NULL,0,1,NULL,NULL,0,0,NULL,NULL),(185,'qinyoyo.sys_data_dict_dataDict',30,'code',12,NULL,NULL,NULL,0,1,NULL,NULL,0,0,NULL,NULL),(186,'qinyoyo.sys_data_dict_dataDict',40,'text',12,NULL,'v-i18n-view',NULL,0,1,NULL,NULL,0,0,NULL,NULL),(187,'qinyoyo.sys_data_dict_dataDict',50,'orderNum',12,NULL,NULL,NULL,0,0,NULL,NULL,0,0,NULL,NULL),(241,'qinyoyo.pay_bill_ewBill',110,'projectPrice',12,NULL,NULL,NULL,0,0,NULL,NULL,0,0,NULL,NULL),(242,'qinyoyo.pay_bill_ewBill',10,'no',12,NULL,NULL,NULL,0,0,NULL,NULL,0,0,NULL,NULL),(243,'qinyoyo.pay_bill_ewBill',60,'dt',12,NULL,NULL,NULL,0,0,NULL,NULL,0,0,NULL,NULL),(244,'qinyoyo.pay_bill_ewBill',30,'isCharge',12,NULL,NULL,NULL,0,0,NULL,NULL,0,0,NULL,NULL),(245,'qinyoyo.pay_bill_ewBill',70,'operationType',12,NULL,NULL,NULL,0,0,NULL,NULL,0,0,NULL,NULL),(246,'qinyoyo.pay_bill_ewBill',40,'userNo',12,NULL,NULL,NULL,0,0,NULL,NULL,0,0,NULL,NULL),(247,'qinyoyo.pay_bill_ewBill',80,'costType',12,NULL,NULL,NULL,0,0,NULL,NULL,0,0,NULL,NULL),(248,'qinyoyo.pay_bill_ewBill',90,'projectId',12,NULL,NULL,NULL,0,0,NULL,NULL,0,0,NULL,NULL),(249,'qinyoyo.pay_bill_ewBill',100,'projectName',12,NULL,NULL,NULL,0,0,NULL,NULL,0,0,NULL,NULL),(250,'qinyoyo.pay_bill_ewBill',120,'amount',12,NULL,NULL,NULL,0,0,NULL,NULL,0,0,NULL,NULL),(251,'qinyoyo.pay_bill_ewBill',130,'amountBefore',12,NULL,NULL,NULL,0,0,NULL,NULL,0,0,NULL,NULL),(252,'qinyoyo.pay_bill_ewBill',140,'bonus',12,NULL,NULL,NULL,0,0,NULL,NULL,0,0,NULL,NULL),(253,'qinyoyo.pay_bill_ewBill',150,'bonusBefore',12,NULL,NULL,NULL,0,0,NULL,NULL,0,0,NULL,NULL),(254,'qinyoyo.pay_bill_ewBill',160,'deviceNo',12,NULL,NULL,NULL,0,0,NULL,NULL,0,0,NULL,NULL),(255,'qinyoyo.pay_bill_ewBill',170,'shopId',12,NULL,NULL,NULL,0,0,NULL,NULL,0,0,NULL,NULL),(256,'qinyoyo.pay_bill_ewBill',180,'deviceStream',12,NULL,NULL,NULL,0,0,NULL,NULL,0,0,NULL,NULL),(257,'qinyoyo.pay_bill_ewBill',190,'deviceDt',12,NULL,NULL,NULL,0,0,NULL,NULL,0,0,NULL,NULL),(258,'qinyoyo.pay_bill_ewBill',200,'tradeNo',12,NULL,NULL,NULL,0,0,NULL,NULL,0,0,NULL,NULL),(259,'qinyoyo.pay_bill_ewBill',210,'operatorNo',12,NULL,NULL,NULL,0,0,NULL,NULL,0,0,NULL,NULL),(260,'qinyoyo.pay_bill_ewBill',50,'batchNo',12,NULL,NULL,NULL,0,0,NULL,NULL,0,0,NULL,NULL),(261,'qinyoyo.pay_bill_ewBill',20,'canceled',12,NULL,NULL,NULL,0,0,NULL,NULL,0,0,NULL,NULL),(262,'qinyoyo.pay_bill_ewBill',230,'linkNo',12,NULL,NULL,NULL,0,0,NULL,NULL,0,0,NULL,NULL),(263,'qinyoyo.pay_count_project_ewCountProject',30,'name',8,NULL,NULL,NULL,0,0,NULL,NULL,0,0,NULL,NULL),(264,'qinyoyo.pay_count_project_ewCountProject',50,'baseValue',12,NULL,NULL,NULL,0,0,NULL,NULL,0,0,NULL,NULL),(265,'qinyoyo.pay_count_project_ewCountProject',60,'bonusPoint',12,NULL,NULL,NULL,0,0,NULL,NULL,0,0,NULL,NULL),(266,'qinyoyo.pay_count_project_ewCountProject',40,'basePrice',8,NULL,NULL,NULL,0,0,NULL,NULL,0,0,NULL,NULL),(267,'qinyoyo.pay_count_project_ewCountProject',70,'startTime',12,NULL,NULL,NULL,0,0,NULL,NULL,0,0,NULL,NULL),(268,'qinyoyo.pay_count_project_ewCountProject',80,'endTime',12,NULL,NULL,NULL,0,0,NULL,NULL,0,0,NULL,NULL),(269,'qinyoyo.pay_count_project_ewCountProject',20,'icon',8,NULL,NULL,NULL,0,0,NULL,NULL,0,0,NULL,NULL),(270,'qinyoyo.pay_device_ewDevice',20,'deviceNo',12,NULL,NULL,NULL,0,0,NULL,NULL,0,0,NULL,NULL),(271,'qinyoyo.pay_device_ewDevice',30,'shopId',12,NULL,NULL,NULL,0,0,NULL,NULL,0,0,NULL,NULL),(272,'qinyoyo.pay_device_ewDevice',40,'privilegeList',24,NULL,NULL,NULL,0,0,NULL,NULL,0,0,NULL,NULL),(273,'qinyoyo.pay_time_project_ewTimeProject',30,'name',8,NULL,NULL,NULL,0,0,NULL,NULL,0,0,NULL,NULL),(274,'qinyoyo.pay_time_project_ewTimeProject',40,'baseValue',8,NULL,NULL,NULL,0,0,NULL,NULL,0,0,NULL,NULL),(275,'qinyoyo.pay_time_project_ewTimeProject',60,'bonusPoint',12,NULL,NULL,NULL,0,0,NULL,NULL,0,0,NULL,NULL),(276,'qinyoyo.pay_time_project_ewTimeProject',50,'basePrice',12,NULL,NULL,NULL,0,0,NULL,NULL,0,0,NULL,NULL),(277,'qinyoyo.pay_time_project_ewTimeProject',70,'startTime',12,NULL,NULL,NULL,0,0,NULL,NULL,0,0,NULL,NULL),(278,'qinyoyo.pay_time_project_ewTimeProject',80,'endTime',12,NULL,NULL,NULL,0,0,NULL,NULL,0,0,NULL,NULL),(279,'qinyoyo.pay_time_project_ewTimeProject',20,'icon',8,NULL,NULL,NULL,0,0,NULL,NULL,0,0,NULL,NULL),(280,'qinyoyo.pay_user_count_ewUserCount',70,'costLimit',12,NULL,NULL,NULL,0,0,NULL,NULL,0,0,NULL,NULL),(281,'qinyoyo.pay_user_count_ewUserCount',80,'dayLimit',12,NULL,NULL,NULL,0,0,NULL,NULL,0,0,NULL,NULL),(282,'qinyoyo.pay_user_count_ewUserCount',20,'userNo',24,NULL,NULL,NULL,0,0,NULL,NULL,0,0,NULL,NULL),(283,'qinyoyo.pay_user_count_ewUserCount',30,'countId',12,NULL,NULL,NULL,0,0,NULL,NULL,0,0,NULL,NULL),(284,'qinyoyo.pay_user_count_ewUserCount',40,'amountCount',12,NULL,NULL,NULL,0,0,NULL,NULL,0,0,NULL,NULL),(285,'qinyoyo.pay_user_ewUser',160,'activeSince',12,NULL,NULL,NULL,0,0,NULL,NULL,0,0,NULL,NULL),(286,'qinyoyo.pay_user_ewUser',170,'expireAt',12,NULL,NULL,NULL,0,0,NULL,NULL,0,0,NULL,NULL),(287,'qinyoyo.pay_user_ewUser',140,'costLimit',8,NULL,NULL,NULL,0,0,NULL,NULL,0,0,NULL,NULL),(288,'qinyoyo.pay_user_ewUser',150,'dayLimit',8,NULL,NULL,NULL,0,0,NULL,NULL,0,0,NULL,NULL),(289,'qinyoyo.pay_user_ewUser',20,'isActive',8,NULL,NULL,NULL,0,0,NULL,NULL,0,0,NULL,NULL),(290,'qinyoyo.pay_user_ewUser',30,'name',8,NULL,NULL,NULL,0,0,NULL,NULL,0,0,NULL,NULL),(291,'qinyoyo.pay_user_ewUser',40,'gender',8,NULL,NULL,NULL,0,0,NULL,NULL,0,0,NULL,NULL),(292,'qinyoyo.pay_user_ewUser',100,'birthDate',8,NULL,NULL,NULL,0,0,NULL,NULL,0,0,NULL,NULL),(293,'qinyoyo.pay_user_ewUser',70,'mobilePhone',8,NULL,NULL,NULL,0,0,NULL,NULL,0,0,NULL,NULL),(294,'qinyoyo.pay_user_ewUser',80,'email',8,NULL,NULL,NULL,0,0,NULL,NULL,0,0,NULL,NULL),(295,'qinyoyo.pay_user_ewUser',90,'wechatOpenid',8,NULL,NULL,NULL,0,0,NULL,NULL,0,0,NULL,NULL),(296,'qinyoyo.pay_user_ewUser',110,'memberGroup',8,NULL,NULL,NULL,0,0,NULL,NULL,0,0,NULL,NULL),(297,'qinyoyo.pay_user_ewUser',130,'amountMoney',8,NULL,NULL,NULL,0,0,NULL,NULL,0,0,NULL,NULL),(298,'qinyoyo.pay_user_ewUser',120,'bonusPoint',8,NULL,NULL,NULL,0,0,NULL,NULL,0,0,NULL,NULL),(299,'qinyoyo.pay_user_ewUser',50,'idType',8,NULL,NULL,NULL,0,0,NULL,NULL,0,0,NULL,NULL),(300,'qinyoyo.pay_user_ewUser',60,'idNo',16,NULL,NULL,NULL,0,0,NULL,NULL,0,0,NULL,NULL),(301,'qinyoyo.pay_user_time_ewUserTime',70,'costLimit',12,NULL,NULL,NULL,0,0,NULL,NULL,0,0,NULL,NULL),(302,'qinyoyo.pay_user_time_ewUserTime',80,'dayLimit',12,NULL,NULL,NULL,0,0,NULL,NULL,0,0,NULL,NULL),(303,'qinyoyo.pay_user_time_ewUserTime',20,'userNo',24,NULL,NULL,NULL,0,0,NULL,NULL,0,0,NULL,NULL),(304,'qinyoyo.pay_user_time_ewUserTime',30,'timeId',12,NULL,NULL,NULL,0,0,NULL,NULL,0,0,NULL,NULL),(305,'qinyoyo.pay_user_time_ewUserTime',40,'amountTime',12,NULL,NULL,NULL,0,0,NULL,NULL,0,0,NULL,NULL),(306,'qinyoyo.sys_flow_process_flowProcess',50,'operator',12,NULL,NULL,NULL,0,0,NULL,NULL,0,0,NULL,NULL),(307,'qinyoyo.sys_flow_process_flowProcess',110,'nextOperator',12,NULL,NULL,NULL,0,0,NULL,NULL,0,0,NULL,NULL),(308,'qinyoyo.sys_flow_process_flowProcess',30,'operation',12,NULL,NULL,NULL,0,0,NULL,NULL,0,0,NULL,NULL),(309,'qinyoyo.sys_flow_process_flowProcess',40,'selection',12,NULL,NULL,NULL,0,0,NULL,NULL,0,0,NULL,NULL),(310,'qinyoyo.sys_flow_process_flowProcess',60,'time',12,NULL,NULL,NULL,0,0,NULL,NULL,0,0,NULL,NULL),(311,'qinyoyo.sys_flow_process_flowProcess',100,'note',12,NULL,NULL,NULL,0,0,NULL,NULL,0,0,NULL,NULL),(312,'qinyoyo.sys_flow_process_flowProcess',46,'stateName0',12,NULL,NULL,NULL,0,0,NULL,NULL,0,0,NULL,NULL),(313,'qinyoyo.sys_flow_process_flowProcess',49,'stateName1',12,NULL,NULL,NULL,0,0,NULL,NULL,0,0,NULL,NULL),(314,'qinyoyo.cg_field_cgField',140,'dynaCondition',24,NULL,NULL,'v-show=\"joinMode || useSelect\" :label=\"getLabel(\'dynaCondition\')\" :title=\"getTitle(\'dynaCondition\')\"',0,0,NULL,NULL,0,1,NULL,NULL),(315,'qinyoyo.cg_field_cgField',240,'fkTable',6,NULL,NULL,NULL,0,0,NULL,NULL,0,1,NULL,NULL),(316,'qinyoyo.cg_field_cgField',250,'fkColumn',6,NULL,NULL,NULL,0,0,NULL,NULL,0,1,NULL,NULL),(317,'qinyoyo.cg_field_cgField',260,'fkOnDelete',6,NULL,NULL,NULL,0,0,NULL,NULL,0,1,NULL,NULL),(318,'qinyoyo.cg_field_cgField',270,'fkOnUpdate',6,NULL,NULL,NULL,0,0,NULL,NULL,0,1,NULL,NULL),(319,'qinyoyo.cg_field_cgField',60,'orderNum',8,NULL,NULL,NULL,0,1,NULL,NULL,0,1,NULL,NULL),(320,'qinyoyo.cg_field_cgField',20,'name',8,'',NULL,NULL,0,0,NULL,NULL,0,1,NULL,NULL),(321,'qinyoyo.cg_field_cgField',30,'entityName',8,'',NULL,NULL,0,1,NULL,NULL,0,1,NULL,NULL),(322,'qinyoyo.cg_field_cgField',10,'title',8,'字段属性',NULL,NULL,0,1,NULL,NULL,0,1,NULL,NULL),(323,'qinyoyo.cg_field_cgField',40,'showType',8,'',NULL,NULL,0,1,NULL,NULL,0,1,NULL,NULL),(325,'qinyoyo.cg_field_cgField',80,'formatter',24,NULL,NULL,'v-show=\"record.showType!=\'html\'\" :label=\"getLabel(\'formatter\')\" :title=\"getTitle(\'formatter\')\"',0,0,NULL,NULL,0,1,'                  <cg-select v-model=\"formatterPrepend\" slot=\"prepend\" style=\"width: 100px\"  :dictionary=\"dictionaryJs\" />',NULL),(327,'qinyoyo.cg_field_cgField',90,'validExpression',24,'',NULL,'v-show=\"record.showType!=\'html\'\" :label=\"getLabel(\'validExpression\')\" :title=\"getTitle(\'validExpression\')\"',0,0,NULL,NULL,0,1,'              <el-button slot=\"append\" icon=\"el-icon-circle-check\" @click=\"testValidExpression()\" />',NULL),(328,'qinyoyo.cg_field_cgField',180,'type',8,'数据库属性',NULL,NULL,0,0,NULL,NULL,0,1,NULL,NULL),(329,'qinyoyo.cg_field_cgField',210,'keyType',8,NULL,NULL,NULL,0,0,NULL,NULL,0,1,NULL,NULL),(330,'qinyoyo.cg_field_cgField',200,'isNull',8,NULL,NULL,NULL,0,1,NULL,NULL,0,1,NULL,NULL),(337,'qinyoyo.cg_field_cgField',110,'dictTable',24,'字典属性',':readonly=\"isDetail || joinMode\" :clearable=\"selectMode\" @change=\"dictTableChange\"',':label=\"getLabel(\'dictTable\')\" :title=\"getTitle(\'dictTable\')\"',0,0,NULL,NULL,0,1,'              <cg-select slot=\"prepend\" v-model=\"record.dictTable\" nullText=\"输入列表或sql\" :clearable=\"selectMode\" style=\"width:300px\" :dictionary=\"dictDictTable()\" :allow-create=\"selectMode\"/>',NULL),(338,'qinyoyo.cg_field_cgField',120,'dictField',24,NULL,NULL,':label=\"getLabel(\'dictField\')\" :title=\"getTitle(\'dictField\')\"',0,0,NULL,NULL,0,1,NULL,NULL),(339,'qinyoyo.cg_field_cgField',130,'dictText',24,NULL,NULL,':label=\"getLabel(\'dictText\')\" :title=\"getTitle(\'dictText\')\"',0,0,NULL,NULL,0,1,NULL,NULL),(340,'qinyoyo.cg_field_cgField',160,'dictParent',8,NULL,NULL,'v-show=\"useSelect\"',0,0,NULL,NULL,0,1,NULL,NULL),(341,'qinyoyo.cg_field_cgField',170,'dictParentField',8,NULL,NULL,'v-show=\"useSelect\"',0,0,NULL,NULL,0,1,NULL,NULL),(342,'qinyoyo.cg_field_cgField',50,'dictMultiple',8,NULL,NULL,'v-show=\"record.showType===\'select\' || record.showType===\'file\' || record.showType.indexOf(\'join\')>=0\"',0,0,NULL,NULL,0,1,NULL,NULL),(343,'qinyoyo.cg_field_cgField',150,'dictFullName',8,NULL,NULL,'v-show=\"useSelect\"',0,0,NULL,NULL,0,1,NULL,NULL),(344,'qinyoyo.cg_field_cgField',190,'length',8,NULL,NULL,NULL,0,0,NULL,NULL,0,1,NULL,NULL),(345,'qinyoyo.cg_field_cgField',220,'numericPrecision',8,NULL,NULL,NULL,0,0,NULL,NULL,0,1,NULL,NULL),(346,'qinyoyo.cg_field_cgField',230,'numericScale',8,NULL,NULL,NULL,0,0,NULL,NULL,0,1,NULL,NULL),(350,'qinyoyo.cg_field_cgField',100,'validTitle',24,NULL,NULL,':label=\"getLabel(\'validTitle\')\" :title=\"getTitle(\'validTitle\')\"',0,0,NULL,NULL,0,1,NULL,NULL),(351,'qinyoyo.cg_field_cgField',70,'defaultValue',24,NULL,NULL,'v-show=\"record.showType!=\'html\'\"',0,0,NULL,NULL,0,1,'                  <cg-select v-model=\"defaultPrepend\" slot=\"prepend\" style=\"width: 100px\" :dictionary=\"dictionaryJsJava\" />',NULL),(352,'qinyoyo.cg_project_cgProject',20,'name',12,NULL,NULL,NULL,0,1,NULL,NULL,0,1,NULL,NULL),(353,'qinyoyo.cg_project_cgProject',60,'modules',24,NULL,NULL,NULL,0,0,NULL,NULL,0,1,NULL,NULL),(354,'qinyoyo.cg_project_cgProject',30,'version',12,NULL,NULL,NULL,0,1,NULL,NULL,0,1,NULL,NULL),(355,'qinyoyo.cg_project_cgProject',50,'note',24,NULL,NULL,NULL,0,0,NULL,NULL,0,1,NULL,NULL),(357,'qinyoyo.cg_project_cgProject',90,'mavenModule',8,NULL,NULL,NULL,0,1,NULL,NULL,0,1,NULL,NULL),(358,'qinyoyo.cg_table_cgTable',170,'pojoJavaCode',24,NULL,NULL,NULL,0,0,NULL,NULL,0,1,NULL,NULL),(359,'qinyoyo.cg_table_cgTable',150,'pojoImports',24,NULL,NULL,NULL,0,0,NULL,NULL,0,1,NULL,NULL),(360,'qinyoyo.cg_table_cgTable',160,'pojoExtends',24,NULL,NULL,NULL,0,0,NULL,NULL,0,1,NULL,NULL),(363,'qinyoyo.cg_table_cgTable',90,'trialLicence',12,NULL,NULL,NULL,0,0,NULL,NULL,0,1,NULL,NULL),(364,'qinyoyo.cg_table_cgTable',100,'trialDays',12,NULL,NULL,NULL,0,0,NULL,NULL,0,1,NULL,NULL),(368,'qinyoyo.cg_table_cgTable',120,'actionList',24,NULL,NULL,NULL,0,0,NULL,NULL,0,1,NULL,NULL),(378,'qinyoyo.cg_table_cgTable',30,'code',12,'','@input=\"record.entity=uppercaseFirst(camelString(record.project+\'_\'+record.code))\"',NULL,0,1,NULL,NULL,0,1,NULL,NULL),(379,'qinyoyo.cg_table_cgTable',50,'name',12,NULL,NULL,NULL,0,0,NULL,NULL,0,1,NULL,NULL),(380,'qinyoyo.cg_table_cgTable',40,'title',12,'',NULL,NULL,0,1,NULL,NULL,0,1,NULL,NULL),(382,'qinyoyo.cg_table_cgTable',80,'subPackage',12,NULL,NULL,NULL,0,0,NULL,NULL,0,1,NULL,NULL),(383,'qinyoyo.cg_table_cgTable',70,'entity',12,NULL,NULL,NULL,0,1,NULL,NULL,0,1,NULL,NULL),(384,'qinyoyo.cg_table_cgTable',60,'template',12,NULL,NULL,NULL,0,0,NULL,NULL,0,1,NULL,NULL),(389,'qinyoyo.cg_table_cgTable',110,'imports',24,'代码定义',NULL,NULL,0,0,NULL,NULL,0,1,NULL,NULL),(399,'qinyoyo.sys_menu_menu',20,'name',12,NULL,'v-i18n-view',NULL,0,0,NULL,NULL,0,0,NULL,NULL),(400,'qinyoyo.sys_menu_menu',110,'mobileHidden',12,NULL,NULL,NULL,0,0,NULL,NULL,0,1,NULL,NULL),(401,'qinyoyo.sys_menu_menu',30,'parent',12,NULL,NULL,NULL,0,0,NULL,NULL,0,0,NULL,NULL),(402,'qinyoyo.sys_menu_menu',50,'icon',12,NULL,NULL,NULL,0,0,NULL,NULL,0,0,NULL,NULL),(403,'qinyoyo.sys_menu_menu',100,'bigicon',12,NULL,NULL,NULL,0,0,NULL,NULL,0,1,NULL,NULL),(404,'qinyoyo.sys_menu_menu',70,'action',12,NULL,NULL,NULL,0,0,NULL,NULL,0,1,NULL,NULL),(405,'qinyoyo.sys_menu_menu',10,'sortNum',12,NULL,NULL,NULL,0,0,NULL,NULL,0,1,NULL,NULL),(406,'qinyoyo.sys_menu_menu',80,'jsCmd',12,NULL,NULL,NULL,0,0,NULL,NULL,0,1,NULL,NULL),(407,'qinyoyo.sys_menu_menu',60,'className',12,NULL,NULL,NULL,0,0,NULL,NULL,0,1,NULL,NULL),(408,'qinyoyo.sys_menu_menu',90,'dataAction',24,NULL,NULL,NULL,0,0,NULL,NULL,0,1,NULL,NULL),(409,'qinyoyo.sys_menu_menu',40,'isDivider',12,NULL,NULL,NULL,0,0,NULL,NULL,0,0,NULL,NULL),(416,'qinyoyo.sys_oauth_client_details_oauthClientDetails',30,'clientId',12,NULL,NULL,NULL,0,1,NULL,NULL,0,0,NULL,NULL),(417,'qinyoyo.sys_oauth_client_details_oauthClientDetails',40,'clientSecret',12,NULL,NULL,NULL,0,1,NULL,NULL,0,0,NULL,NULL),(418,'qinyoyo.sys_oauth_client_details_oauthClientDetails',20,'scope',12,NULL,NULL,NULL,0,1,NULL,NULL,0,0,NULL,NULL),(419,'qinyoyo.sys_oauth_client_details_oauthClientDetails',10,'authorizedGrantTypes',12,NULL,NULL,NULL,0,1,NULL,NULL,0,0,NULL,NULL),(420,'qinyoyo.sys_oauth_client_details_oauthClientDetails',60,'webServerRedirectUri',12,NULL,NULL,'v-show=\"record.authorizedGrantTypes==\'authorization_code\' || record.authorizedGrantTypes==\'implicit\'\"',0,0,NULL,NULL,0,0,NULL,NULL),(421,'qinyoyo.sys_oauth_client_details_oauthClientDetails',50,'authorities',12,NULL,NULL,NULL,0,1,NULL,NULL,0,0,NULL,NULL),(422,'qinyoyo.sys_oauth_client_details_oauthClientDetails',70,'accessTokenValidity',12,NULL,NULL,NULL,0,0,NULL,NULL,0,0,NULL,NULL),(423,'qinyoyo.sys_oauth_client_details_oauthClientDetails',80,'refreshTokenValidity',12,NULL,NULL,NULL,0,0,NULL,NULL,0,0,NULL,NULL),(424,'qinyoyo.sys_oauth_client_details_oauthClientDetails',130,'additionalInformation',24,NULL,NULL,'v-show=\"record.authorizedGrantTypes==\'authorization_code\'\"',0,0,NULL,NULL,0,0,NULL,NULL),(425,'qinyoyo.sys_oauth_client_details_oauthClientDetails',90,'autoapprove',12,NULL,NULL,NULL,0,0,NULL,NULL,1,0,NULL,NULL),(426,'qinyoyo.sys_oauth_client_details_oauthClientDetails',100,'expiredDate',12,NULL,NULL,NULL,0,0,NULL,NULL,1,0,NULL,NULL),(427,'qinyoyo.sys_oauth_client_details_oauthClientDetails',110,'locked',12,NULL,NULL,NULL,0,0,NULL,NULL,1,0,NULL,NULL),(428,'qinyoyo.sys_oauth_client_details_oauthClientDetails',120,'enabled',12,NULL,NULL,NULL,0,0,NULL,NULL,1,0,NULL,NULL),(429,'qinyoyo.sys_oauth_client_details_oauthClientDetails',140,'decription',24,NULL,NULL,NULL,0,0,NULL,NULL,0,0,NULL,NULL),(430,'qinyoyo.sys_org_org',10,'orgCode',8,NULL,NULL,NULL,0,0,NULL,NULL,1,0,NULL,NULL),(431,'qinyoyo.sys_org_org',20,'name',12,NULL,NULL,NULL,0,0,NULL,NULL,0,0,NULL,NULL),(432,'qinyoyo.sys_org_org',40,'parent',12,NULL,NULL,NULL,0,0,NULL,NULL,0,0,NULL,NULL),(433,'qinyoyo.sys_org_org',50,'phone',12,NULL,NULL,NULL,0,0,NULL,NULL,0,0,NULL,NULL),(434,'qinyoyo.sys_org_org',60,'fax',12,NULL,NULL,NULL,0,0,NULL,NULL,0,0,NULL,NULL),(435,'qinyoyo.sys_org_org',80,'address',12,NULL,NULL,NULL,0,0,NULL,NULL,0,0,NULL,NULL),(436,'qinyoyo.sys_org_org',70,'roleList',12,NULL,NULL,NULL,0,0,NULL,NULL,0,0,NULL,NULL),(437,'qinyoyo.pay_corporation_payCorporation',30,'name',24,NULL,NULL,NULL,0,0,NULL,NULL,0,0,NULL,NULL),(438,'qinyoyo.pay_corporation_payCorporation',40,'address',24,NULL,NULL,NULL,0,0,NULL,NULL,0,0,NULL,NULL),(439,'qinyoyo.pay_corporation_payCorporation',50,'linkman',12,NULL,NULL,NULL,0,0,NULL,NULL,0,0,NULL,NULL),(440,'qinyoyo.pay_corporation_payCorporation',60,'linkphone',12,NULL,NULL,NULL,0,0,NULL,NULL,0,0,NULL,NULL),(441,'qinyoyo.pay_corporation_payCorporation',20,'parentId',24,NULL,NULL,NULL,0,0,NULL,NULL,0,0,NULL,NULL),(442,'qinyoyo.pay_login_payLogin',30,'shopId',12,NULL,NULL,NULL,0,0,NULL,NULL,0,0,NULL,NULL),(443,'qinyoyo.pay_login_payLogin',40,'operatorId',12,NULL,NULL,NULL,0,0,NULL,NULL,0,0,NULL,NULL),(444,'qinyoyo.pay_login_payLogin',60,'loginTime',12,NULL,NULL,NULL,0,0,NULL,NULL,0,0,NULL,NULL),(445,'qinyoyo.pay_login_payLogin',70,'logoutTime',12,NULL,NULL,NULL,0,0,NULL,NULL,0,0,NULL,NULL),(446,'qinyoyo.pay_login_payLogin',80,'deviceStream',12,NULL,NULL,NULL,0,0,NULL,NULL,0,0,NULL,NULL),(447,'qinyoyo.pay_login_payLogin',100,'appVersion',12,NULL,NULL,NULL,0,0,NULL,NULL,0,0,NULL,NULL),(448,'qinyoyo.pay_login_payLogin',50,'batchNo',12,NULL,NULL,NULL,0,0,NULL,NULL,0,0,NULL,NULL),(449,'qinyoyo.pay_operator_payOperator',20,'name',12,NULL,NULL,NULL,0,0,NULL,NULL,0,0,NULL,NULL),(450,'qinyoyo.pay_operator_payOperator',30,'realName',12,NULL,NULL,NULL,0,0,NULL,NULL,0,0,NULL,NULL),(451,'qinyoyo.pay_operator_payOperator',50,'shopId',12,NULL,NULL,NULL,0,0,NULL,NULL,0,0,NULL,NULL),(452,'qinyoyo.pay_operator_payOperator',40,'password',12,NULL,NULL,NULL,0,0,NULL,NULL,0,0,NULL,NULL),(453,'qinyoyo.pay_pos_payPos',20,'no',12,NULL,NULL,NULL,0,0,NULL,NULL,0,0,NULL,NULL),(454,'qinyoyo.pay_pos_payPos',30,'shopId',12,NULL,NULL,NULL,0,0,NULL,NULL,0,0,NULL,NULL),(455,'qinyoyo.pay_pos_payPos',60,'loginId',12,NULL,NULL,NULL,0,0,NULL,NULL,0,0,NULL,NULL),(456,'qinyoyo.pay_pos_payPos',80,'ewalletActive',12,NULL,NULL,NULL,0,0,NULL,NULL,0,0,NULL,NULL),(457,'qinyoyo.pay_pos_payPos',90,'countProjectList',12,NULL,NULL,NULL,0,0,NULL,NULL,0,0,NULL,NULL),(458,'qinyoyo.pay_pos_payPos',100,'timeProjectList',12,NULL,NULL,NULL,0,0,NULL,NULL,0,0,NULL,NULL),(459,'qinyoyo.pay_shop_payShop',30,'name',12,NULL,NULL,NULL,0,0,NULL,NULL,0,0,NULL,NULL),(460,'qinyoyo.pay_shop_payShop',20,'corporationId',12,NULL,NULL,NULL,0,0,NULL,NULL,0,0,NULL,NULL),(461,'qinyoyo.pay_shop_payShop',60,'address',24,NULL,NULL,NULL,0,0,NULL,NULL,0,0,NULL,NULL),(462,'qinyoyo.pay_shop_payShop',40,'linkman',12,NULL,NULL,NULL,0,0,NULL,NULL,0,0,NULL,NULL),(463,'qinyoyo.pay_shop_payShop',50,'linkPhone',12,NULL,NULL,NULL,0,0,NULL,NULL,0,0,NULL,NULL),(464,'qinyoyo.sys_permission_permission',30,'action',24,NULL,NULL,NULL,0,0,NULL,NULL,0,0,NULL,NULL),(466,'qinyoyo.pm_people_group_pmPeopleGroup',30,'name',12,NULL,NULL,NULL,0,0,NULL,NULL,0,0,NULL,NULL),(467,'qinyoyo.pm_people_group_pmPeopleGroup',40,'groupType',12,NULL,NULL,NULL,0,0,NULL,NULL,0,0,NULL,NULL),(468,'qinyoyo.pm_people_group_pmPeopleGroup',50,'enabled',12,NULL,NULL,NULL,0,0,NULL,NULL,0,0,NULL,NULL),(469,'qinyoyo.pm_people_group_pmPeopleGroup',60,'description',24,NULL,NULL,NULL,0,0,NULL,NULL,0,0,NULL,NULL),(470,'qinyoyo.pm_people_group_pmPeopleGroup',20,'parent',12,NULL,NULL,NULL,0,0,NULL,NULL,0,0,NULL,NULL),(471,'qinyoyo.pm_project_pmProject',100,'description',24,NULL,NULL,NULL,0,0,NULL,NULL,0,0,NULL,NULL),(475,'qinyoyo.pm_project_pmProject',90,'code',24,NULL,NULL,NULL,0,0,NULL,NULL,0,0,NULL,NULL),(476,'qinyoyo.pm_project_pmProject',30,'type',8,NULL,NULL,NULL,0,1,NULL,NULL,0,0,NULL,NULL),(477,'qinyoyo.pm_project_pmProject',40,'name',16,NULL,NULL,NULL,0,1,NULL,NULL,0,0,NULL,NULL),(478,'qinyoyo.pm_project_pmProject',50,'customer',24,NULL,NULL,NULL,0,0,NULL,NULL,0,0,NULL,NULL),(479,'qinyoyo.pm_project_pmProject',60,'marketSize',8,NULL,NULL,NULL,0,0,NULL,NULL,0,0,NULL,NULL),(480,'qinyoyo.pm_project_pmProject',70,'humanCost',8,NULL,NULL,NULL,0,0,NULL,NULL,0,0,NULL,NULL),(481,'qinyoyo.pm_project_pmProject',80,'materialCost',8,NULL,NULL,NULL,0,0,NULL,NULL,0,0,NULL,NULL),(482,'qinyoyo.pm_project_pmProject',110,'addFile',24,NULL,NULL,NULL,0,0,NULL,NULL,0,0,NULL,NULL),(494,'qinyoyo.pm_version_application_pmVersionApplicationAssess',110,'addFile',24,NULL,NULL,NULL,0,0,NULL,NULL,0,0,NULL,NULL),(496,'qinyoyo.sys_role_role',20,'code',24,NULL,NULL,NULL,0,0,NULL,NULL,0,0,NULL,NULL),(497,'qinyoyo.sys_role_role',30,'name',24,NULL,NULL,NULL,0,0,NULL,NULL,0,0,NULL,NULL),(498,'qinyoyo.sys_role_role',40,'note',24,NULL,NULL,NULL,0,0,NULL,NULL,0,0,NULL,NULL),(499,'qinyoyo.sys_task_task',20,'name',8,NULL,NULL,NULL,0,0,NULL,NULL,0,0,NULL,NULL),(500,'qinyoyo.sys_task_task',30,'description',16,NULL,NULL,NULL,0,0,NULL,NULL,0,0,NULL,NULL),(501,'qinyoyo.sys_task_task',40,'sceduleYears',8,NULL,NULL,NULL,0,0,NULL,NULL,0,0,NULL,NULL),(502,'qinyoyo.sys_task_task',50,'scheduleMonths',8,NULL,NULL,NULL,0,0,NULL,NULL,0,0,NULL,NULL),(503,'qinyoyo.sys_task_task',60,'scheduleDays',8,NULL,NULL,NULL,0,0,NULL,NULL,0,0,NULL,NULL),(504,'qinyoyo.sys_task_task',80,'scheduleHours',8,NULL,NULL,NULL,0,0,NULL,NULL,0,0,NULL,NULL),(505,'qinyoyo.sys_task_task',90,'scheduleMinutes',8,NULL,NULL,NULL,0,0,NULL,NULL,0,0,NULL,NULL),(506,'qinyoyo.sys_task_task',70,'scheduleWeeks',8,NULL,NULL,NULL,0,0,NULL,NULL,0,0,NULL,NULL),(507,'qinyoyo.sys_task_task',100,'className',8,NULL,NULL,NULL,0,0,NULL,NULL,0,0,NULL,NULL),(508,'qinyoyo.sys_task_task',110,'mothodName',8,NULL,NULL,NULL,0,0,NULL,NULL,0,0,NULL,NULL),(509,'qinyoyo.sys_task_task',130,'parames',16,NULL,NULL,NULL,0,0,NULL,NULL,0,0,NULL,NULL),(510,'qinyoyo.sys_task_task',120,'isStatic',8,NULL,NULL,NULL,0,0,NULL,NULL,0,0,NULL,NULL),(511,'qinyoyo.sys_task_task',140,'isRunning',8,NULL,NULL,NULL,0,0,NULL,NULL,0,0,NULL,NULL),(512,'qinyoyo.sys_user_user',200,'htmlNote',24,NULL,NULL,NULL,0,0,NULL,NULL,0,0,NULL,NULL),(513,'qinyoyo.sys_user_user',150,'orgPrivilege',24,NULL,':readonly=\"!admin || isDetail\" ',NULL,0,0,NULL,NULL,0,0,NULL,NULL),(514,'qinyoyo.sys_user_user',60,'idType',12,NULL,NULL,NULL,1,1,NULL,NULL,0,0,NULL,NULL),(515,'qinyoyo.sys_user_user',70,'idNumber',12,NULL,NULL,NULL,1,1,NULL,NULL,0,0,NULL,NULL),(516,'qinyoyo.sys_user_user',20,'name',12,NULL,NULL,NULL,0,0,NULL,NULL,0,0,NULL,NULL),(517,'qinyoyo.sys_user_user',30,'realName',12,NULL,NULL,NULL,0,0,NULL,NULL,0,0,NULL,NULL),(518,'qinyoyo.sys_user_user',40,'sex',12,NULL,NULL,NULL,0,0,NULL,NULL,0,0,NULL,NULL),(519,'qinyoyo.sys_user_user',100,'mobilePhone',12,'联系信息',NULL,NULL,0,0,NULL,NULL,0,0,NULL,NULL),(521,'qinyoyo.sys_user_user',80,'orgCode',12,'',':readonly=\"!admin || isDetail\" ',NULL,0,1,NULL,NULL,0,0,NULL,NULL),(522,'qinyoyo.sys_user_user',110,'email',12,NULL,NULL,NULL,0,0,NULL,NULL,0,0,NULL,NULL),(523,'qinyoyo.sys_user_user',130,'wechatOpenid',12,NULL,NULL,NULL,0,0,NULL,NULL,0,0,NULL,NULL),(524,'qinyoyo.sys_user_user',90,'regTime',12,NULL,NULL,NULL,1,0,NULL,NULL,0,0,NULL,NULL),(525,'qinyoyo.sys_user_user',160,'locked',12,NULL,':disabled=\"!admin || isDetail\" ',NULL,0,0,NULL,NULL,0,0,NULL,NULL),(526,'qinyoyo.sys_user_user',170,'state',12,NULL,':disabled=\"!admin || isDetail\" ',NULL,0,0,NULL,NULL,0,0,NULL,NULL),(527,'qinyoyo.sys_user_user',140,'roleList',24,'状态信息',':readonly=\"!admin || isDetail\" ',NULL,0,0,NULL,NULL,0,0,NULL,NULL),(528,'qinyoyo.sys_user_user',180,'expiredTime',12,NULL,':readonly=\"!admin || isDetail\" :minValue=\"new Date()\"',NULL,0,0,NULL,NULL,0,0,NULL,NULL),(529,'qinyoyo.sys_user_user',190,'passwordExpiredTime',12,NULL,':readonly=\"!admin || isDetail\" :minValue=\"new Date()\"',NULL,0,0,NULL,NULL,0,0,NULL,NULL),(530,'qinyoyo.sys_user_user',10,'icon',24,'基本信息',NULL,NULL,0,0,NULL,NULL,0,0,NULL,NULL),(531,'qinyoyo.sys_user_user',50,'birthDate',12,NULL,':maxValue=\"new Date()\" :minValue=\"dateAdd(new Date(),-100,\'year\')\"',NULL,0,0,NULL,NULL,0,0,NULL,NULL),(1024,'qinyoyo.pm_project_pmProjectAssess',10,'id',12,NULL,NULL,NULL,1,0,NULL,NULL,1,0,NULL,NULL),(1026,'qinyoyo.pm_project_pmProjectAssess',40,'flowState',8,NULL,NULL,NULL,1,0,NULL,NULL,0,0,NULL,NULL),(1027,'qinyoyo.pm_project_pmProjectAssess',60,'flowRegisterTime',8,NULL,NULL,NULL,1,0,NULL,NULL,0,0,NULL,NULL),(1029,'qinyoyo.pm_project_pmProjectAssess',30,'name',16,NULL,NULL,NULL,1,0,NULL,NULL,0,0,NULL,NULL),(1030,'qinyoyo.pm_project_pmProjectAssess',20,'type',8,NULL,NULL,NULL,1,0,NULL,NULL,0,0,NULL,NULL),(1031,'qinyoyo.pm_project_pmProjectAssess',70,'customer',24,NULL,NULL,NULL,1,0,NULL,NULL,0,0,NULL,NULL),(1032,'qinyoyo.pm_project_pmProjectAssess',80,'marketSize',8,NULL,'',NULL,0,0,NULL,NULL,0,0,NULL,NULL),(1033,'qinyoyo.pm_project_pmProjectAssess',110,'code',24,NULL,'',NULL,0,0,NULL,NULL,0,0,NULL,NULL),(1034,'qinyoyo.pm_project_pmProjectAssess',90,'humanCost',8,NULL,'',NULL,0,0,NULL,NULL,0,0,NULL,NULL),(1035,'qinyoyo.pm_project_pmProjectAssess',100,'materialCost',8,NULL,'',NULL,0,0,NULL,NULL,0,0,NULL,NULL),(1036,'qinyoyo.pm_project_pmProjectAssess',120,'description',24,NULL,NULL,NULL,0,0,NULL,NULL,0,0,NULL,NULL),(1038,'qinyoyo.pm_project_pmProjectAssess',130,'addFile',24,NULL,'appendonly',NULL,0,0,NULL,NULL,0,0,NULL,NULL),(1153,'qinyoyo.pm_version_application_pmVersionApplicationAssess',10,'flowState',8,NULL,NULL,NULL,1,0,NULL,NULL,0,0,NULL,NULL),(1154,'qinyoyo.pm_version_application_pmVersionApplicationAssess',30,'flowRegisterTime',8,NULL,NULL,NULL,1,0,NULL,NULL,0,0,NULL,NULL),(1156,'qinyoyo.pm_version_application_pmVersionApplicationAssess',50,'project',16,NULL,NULL,NULL,1,0,NULL,NULL,0,0,NULL,NULL),(1157,'qinyoyo.pm_version_application_pmVersionApplicationAssess',40,'applicationType',8,NULL,NULL,NULL,1,0,NULL,NULL,0,0,NULL,NULL),(1158,'qinyoyo.pm_version_application_pmVersionApplicationAssess',70,'customer',16,NULL,NULL,NULL,1,0,NULL,NULL,0,0,NULL,NULL),(1159,'qinyoyo.pm_version_application_pmVersionApplicationAssess',80,'licence',24,NULL,NULL,NULL,1,0,NULL,NULL,0,0,NULL,NULL),(1160,'qinyoyo.pm_version_application_pmVersionApplicationAssess',60,'contractNo',8,NULL,NULL,NULL,1,0,NULL,NULL,0,0,NULL,NULL),(1161,'qinyoyo.pm_version_application_pmVersionApplicationAssess',100,'versionInfo',24,NULL,NULL,NULL,0,0,NULL,NULL,0,0,NULL,NULL),(1162,'qinyoyo.pm_version_application_pmVersionApplicationAssess',90,'description',24,NULL,NULL,NULL,1,0,NULL,NULL,0,0,NULL,NULL),(1215,'qinyoyo.cg_form_cgForm',20,'name',12,NULL,NULL,NULL,0,0,NULL,NULL,0,1,NULL,NULL),(1216,'qinyoyo.cg_form_cgForm',110,'images',24,'页面定义',NULL,NULL,0,0,NULL,NULL,0,1,NULL,NULL),(1217,'qinyoyo.cg_form_cgForm',130,'formProperties',24,NULL,NULL,NULL,0,0,NULL,NULL,0,1,NULL,NULL),(1218,'qinyoyo.cg_form_cgForm',140,'viewProperties',24,NULL,NULL,NULL,0,0,NULL,NULL,0,1,NULL,NULL),(1219,'qinyoyo.cg_list_cgList',20,'name',8,NULL,NULL,NULL,0,1,NULL,NULL,0,1,NULL,NULL),(1220,'qinyoyo.cg_list_cgList',120,'sonAlign',12,NULL,NULL,NULL,0,0,NULL,NULL,0,1,NULL,NULL),(1221,'qinyoyo.cg_list_cgList',70,'sortField',8,NULL,NULL,NULL,0,0,NULL,NULL,0,1,NULL,NULL),(1222,'qinyoyo.cg_list_cgList',300,'images',24,'页面定义',NULL,NULL,0,0,NULL,NULL,0,1,NULL,NULL),(1223,'qinyoyo.cg_list_cgList',350,'tableProperties',24,NULL,NULL,NULL,0,0,NULL,NULL,0,1,NULL,NULL),(1224,'qinyoyo.cg_list_cgList',340,'viewProperties',24,NULL,NULL,NULL,0,0,NULL,NULL,0,1,NULL,NULL),(1225,'qinyoyo.cg_list_cgList',140,'sonsProperties',24,NULL,NULL,NULL,0,0,NULL,NULL,0,1,NULL,NULL),(1226,'qinyoyo.cg_form_field_cgFormField',20,'groupTitle',12,NULL,NULL,NULL,0,0,NULL,NULL,0,1,NULL,NULL),(1227,'qinyoyo.cg_form_field_cgFormField',110,'formItemProperties',24,'标签属性',NULL,NULL,0,0,NULL,NULL,0,1,NULL,NULL),(1228,'qinyoyo.cg_form_field_cgFormField',90,'readonly',12,NULL,NULL,NULL,0,0,NULL,NULL,0,1,NULL,NULL),(1229,'qinyoyo.cg_form_field_cgFormField',120,'itemProperties',24,'',NULL,NULL,0,0,NULL,NULL,0,1,NULL,NULL),(1230,'qinyoyo.cg_form_field_cgFormField',100,'mustInput',12,NULL,NULL,NULL,0,0,NULL,NULL,0,1,NULL,NULL),(1231,'qinyoyo.cg_form_field_cgFormField',40,'icon',12,NULL,NULL,NULL,0,0,NULL,NULL,0,1,NULL,NULL),(1232,'qinyoyo.cg_form_field_cgFormField',140,'href',24,NULL,NULL,NULL,0,0,NULL,NULL,0,1,NULL,NULL),(1233,'qinyoyo.cg_form_field_cgFormField',70,'hidden',12,NULL,NULL,NULL,0,0,NULL,NULL,0,1,NULL,NULL),(1234,'qinyoyo.cg_form_field_cgFormField',80,'validateAsTitle',12,NULL,NULL,NULL,0,1,NULL,NULL,0,1,NULL,NULL),(1235,'qinyoyo.cg_list_field_cgListField',80,'width',12,NULL,NULL,NULL,0,0,NULL,NULL,0,1,NULL,NULL),(1236,'qinyoyo.cg_list_field_cgListField',140,'columnProperties',24,NULL,NULL,NULL,0,0,NULL,NULL,0,1,NULL,NULL),(1237,'qinyoyo.cg_list_field_cgListField',50,'hidden',12,NULL,NULL,NULL,0,0,NULL,NULL,0,1,NULL,NULL),(1238,'qinyoyo.cg_list_field_cgListField',70,'editInline',12,NULL,NULL,NULL,0,0,NULL,NULL,0,1,NULL,NULL),(1240,'qinyoyo.cg_form_field_cgFormField',130,'slotTemplates',24,NULL,NULL,NULL,0,0,NULL,NULL,0,1,NULL,NULL),(1242,'qinyoyo.cg_list_field_cgListField',30,'defaultQueryValue',24,'',NULL,NULL,0,0,NULL,NULL,0,1,NULL,NULL),(1252,'qinyoyo.cg_table_cgTable',10,'module',12,'表定义',NULL,NULL,0,1,NULL,NULL,0,1,NULL,NULL),(1253,'qinyoyo.cg_table_cgTable',20,'groupId',12,NULL,NULL,NULL,0,1,NULL,NULL,0,1,NULL,NULL),(1255,'qinyoyo.cg_project_cgProject',40,'groupId',12,NULL,NULL,NULL,0,1,NULL,NULL,0,0,NULL,NULL),(1256,'qinyoyo.cg_project_cgProject',80,'springModule',8,NULL,NULL,NULL,0,1,NULL,NULL,0,1,NULL,NULL),(1257,'qinyoyo.cg_project_cgProject',10,'code',12,NULL,NULL,NULL,0,1,NULL,NULL,0,0,NULL,NULL),(1258,'qinyoyo.cg_project_cgProject',70,'mavenServer',24,NULL,NULL,NULL,0,0,NULL,NULL,0,1,NULL,NULL),(1259,'qinyoyo.cg_project_cgProject',110,'addtionalDependencies',24,NULL,NULL,NULL,0,0,NULL,NULL,0,1,NULL,NULL),(1260,'qinyoyo.sys_user_注册',10,'mobilePhone',12,NULL,NULL,NULL,1,0,NULL,NULL,0,0,NULL,NULL),(1261,'qinyoyo.sys_user_注册',30,'name',12,NULL,NULL,NULL,0,1,NULL,NULL,0,0,NULL,NULL),(1262,'qinyoyo.sys_user_注册',50,'sex',12,NULL,NULL,NULL,0,1,NULL,NULL,0,0,NULL,NULL),(1263,'qinyoyo.sys_user_注册',40,'realName',12,NULL,NULL,NULL,0,1,NULL,NULL,0,0,NULL,NULL),(1264,'qinyoyo.sys_user_注册',110,'icon',12,NULL,NULL,NULL,0,0,NULL,NULL,0,0,NULL,NULL),(1265,'qinyoyo.sys_user_注册',60,'birthDate',12,NULL,':maxValue=\"new Date()\" :minValue=\"dateAdd(new Date(),-100,\'year\')\"',NULL,0,0,NULL,NULL,0,0,NULL,NULL),(1266,'qinyoyo.sys_user_注册',100,'email',12,NULL,NULL,NULL,0,0,NULL,NULL,0,0,NULL,NULL),(1267,'qinyoyo.sys_user_注册',70,'idType',12,NULL,NULL,NULL,1,1,NULL,NULL,0,0,NULL,NULL),(1268,'qinyoyo.sys_user_注册',90,'password',24,NULL,NULL,NULL,0,1,NULL,NULL,0,0,NULL,NULL),(1269,'qinyoyo.sys_user_注册',80,'idNumber',12,NULL,NULL,NULL,1,1,NULL,NULL,0,0,NULL,NULL),(1270,'qinyoyo.sys_user_注册',20,'randCode',12,NULL,':label=\"$t(\'login.smsRandCode\')\" :placeholder=\"$t(\'login.smsRandCode\')\" type=\"number\"','v-if=\"record.hasOwnProperty(\'randCode\')\" :label=\"$t(\'login.smsRandCode\')\"',0,0,NULL,NULL,0,0,NULL,NULL),(1290,'qinyoyo.cg_project_cgProject',100,'test',8,NULL,NULL,NULL,0,0,NULL,NULL,0,1,NULL,NULL),(1354,'qinyoyo.cg_list_field_cgListField',150,'cellDisplaySlot',24,NULL,NULL,NULL,0,0,NULL,NULL,0,1,NULL,NULL),(1359,'qinyoyo.cg_form_field_cgFormField',30,'showType',12,NULL,NULL,NULL,0,0,NULL,NULL,0,0,NULL,NULL),(1362,'qinyoyo.ad_adjust_addData',50,'startTime',12,NULL,':title=\"timeLabel(\'start\')\"',':label=\"timeLabel(\'start\')\"',1,0,NULL,NULL,0,0,NULL,NULL),(1363,'qinyoyo.ad_adjust_addData',60,'endTime',12,NULL,':title=\"timeLabel(\'end\')\"',':label=\"timeLabel(\'end\')\"',1,0,NULL,NULL,0,0,NULL,NULL),(1364,'qinyoyo.ad_adjust_addData',70,'description',24,NULL,NULL,NULL,1,0,NULL,NULL,0,0,NULL,NULL),(1368,'qinyoyo.ad_adjust_addData',30,'adjustType',12,NULL,NULL,NULL,1,0,NULL,NULL,0,0,NULL,NULL),(1370,'qinyoyo.ad_adjust_addData',80,'addFile',24,NULL,NULL,NULL,1,0,NULL,NULL,0,0,NULL,NULL),(1371,'qinyoyo.ad_adjust_addData',40,'state',12,NULL,NULL,NULL,1,0,NULL,NULL,0,0,NULL,NULL),(1373,'qinyoyo.ad_adjust_addData',20,'orgCode',12,NULL,NULL,NULL,1,0,NULL,NULL,0,0,NULL,NULL),(1377,'qinyoyo.ad_adjust_adjustRecord',340,'registerTime',12,NULL,NULL,NULL,1,0,NULL,NULL,0,0,NULL,NULL),(1378,'qinyoyo.ad_adjust_adjustRecord',330,'adjustType',12,NULL,NULL,NULL,1,1,NULL,NULL,0,0,NULL,NULL),(1379,'qinyoyo.ad_adjust_adjustRecord',350,'startTime',12,NULL,':minValue=\"dateAdd(new Date(),-7,\'day\')\" :title=\"timeLabel(\'start\')\"',':label=\"timeLabel(\'start\')\"',0,0,NULL,NULL,0,0,NULL,NULL),(1380,'qinyoyo.ad_adjust_adjustRecord',370,'description',24,NULL,NULL,NULL,0,1,NULL,NULL,0,0,NULL,NULL),(1381,'qinyoyo.ad_adjust_adjustRecord',360,'endTime',12,NULL,':minValue=\"record.startTime\" :title=\"timeLabel(\'end\')\"',':label=\"timeLabel(\'end\')\"',0,0,NULL,NULL,0,0,NULL,NULL),(1382,'qinyoyo.ad_adjust_adjustRecord',380,'addFile',24,NULL,NULL,NULL,0,0,NULL,NULL,0,0,NULL,NULL),(1383,'qinyoyo.ad_adjust_adjustRecord',310,'orgCode',12,NULL,NULL,NULL,1,0,NULL,NULL,1,0,NULL,NULL),(1384,'qinyoyo.ad_adjust_adjustRecord',300,'employee',12,NULL,NULL,NULL,1,0,NULL,NULL,1,0,NULL,NULL),(1385,'qinyoyo.cg_list_cgList',310,'actionList',24,NULL,NULL,NULL,0,0,NULL,NULL,0,1,NULL,NULL),(1386,'qinyoyo.cg_form_cgForm',120,'actionList',24,NULL,NULL,NULL,0,0,NULL,NULL,0,0,NULL,NULL),(1387,'qinyoyo.cg_list_field_cgListField',40,'showType',12,NULL,NULL,NULL,0,0,NULL,NULL,0,1,NULL,NULL),(1388,'qinyoyo.cg_list_cgList',320,'localExport',8,NULL,NULL,NULL,0,0,NULL,NULL,0,1,NULL,NULL),(1464,'qinyoyo.sys_message_message',40,'senderName',12,NULL,NULL,NULL,0,0,NULL,NULL,0,0,NULL,NULL),(1465,'qinyoyo.sys_message_message',50,'title',24,NULL,NULL,NULL,0,0,NULL,NULL,0,0,NULL,NULL),(1466,'qinyoyo.sys_message_message',100,'id',12,NULL,NULL,NULL,0,0,NULL,NULL,1,0,NULL,NULL),(1467,'qinyoyo.sys_message_message',10,'readTime',12,NULL,NULL,NULL,0,0,NULL,NULL,0,0,NULL,'datetime'),(1468,'qinyoyo.sys_message_message',30,'receiverName',12,NULL,NULL,NULL,0,0,NULL,NULL,0,0,NULL,NULL),(1469,'qinyoyo.sys_message_message',20,'createTime',12,NULL,NULL,NULL,0,0,NULL,NULL,0,0,NULL,NULL),(1470,'qinyoyo.sys_message_message',60,'content',24,NULL,NULL,NULL,0,0,NULL,NULL,0,0,NULL,NULL),(1471,'qinyoyo.sys_message_message',70,'receiver',12,NULL,NULL,NULL,0,0,NULL,NULL,1,0,NULL,NULL),(1472,'qinyoyo.sys_message_message',110,'url',12,NULL,NULL,NULL,0,0,NULL,NULL,1,0,NULL,NULL),(1473,'qinyoyo.sys_message_message',80,'sender',12,NULL,NULL,NULL,0,0,NULL,NULL,1,0,NULL,NULL),(1474,'qinyoyo.sys_message_message',90,'eventId',12,NULL,NULL,NULL,0,0,NULL,NULL,1,0,NULL,NULL),(1477,'qinyoyo.cg_form_cgForm',150,'slotTemplates',24,NULL,NULL,NULL,0,0,NULL,NULL,0,1,NULL,NULL),(1478,'qinyoyo.cg_table_cgTable',130,'flowDynaFieldsOp',12,NULL,NULL,'v-if=\"record.actionList && record.actionList.indexOf(\'flow\')>=0\"',0,0,NULL,NULL,0,1,NULL,NULL),(1479,'qinyoyo.cg_table_cgTable',140,'flowDynaFieldsCp',12,NULL,NULL,'v-if=\"record.actionList && record.actionList.indexOf(\'flow\')>=0\"',0,0,NULL,NULL,0,1,NULL,NULL),(1482,'qinyoyo.pm_project_pmProject',20,'flowRegisterTime',16,NULL,NULL,NULL,1,0,NULL,NULL,0,0,NULL,NULL),(1495,'qinyoyo.sys_oauth_client_details_oauthClientDetails',160,'authUrl',24,NULL,NULL,'',1,0,NULL,NULL,0,0,NULL,NULL),(1496,'qinyoyo.sys_oauth_client_details_oauthClientDetails',150,'secret',24,NULL,NULL,'',1,0,NULL,NULL,0,0,NULL,NULL),(1535,'qinyoyo.pm_version_application_pmVersionApplication',110,'addFile',24,NULL,NULL,NULL,0,0,NULL,NULL,0,0,NULL,NULL),(1536,'qinyoyo.pm_version_application_pmVersionApplication',40,'applicationType',8,NULL,NULL,NULL,0,0,NULL,NULL,0,0,NULL,NULL),(1537,'qinyoyo.pm_version_application_pmVersionApplication',60,'contractNo',8,NULL,NULL,NULL,0,0,NULL,NULL,0,0,NULL,NULL),(1538,'qinyoyo.pm_version_application_pmVersionApplication',70,'customer',16,NULL,NULL,NULL,0,0,NULL,NULL,0,0,NULL,NULL),(1539,'qinyoyo.pm_version_application_pmVersionApplication',90,'description',24,NULL,NULL,NULL,0,0,NULL,NULL,0,0,NULL,NULL),(1541,'qinyoyo.pm_version_application_pmVersionApplication',30,'flowRegisterTime',8,NULL,NULL,NULL,1,0,NULL,NULL,0,0,NULL,NULL),(1542,'qinyoyo.pm_version_application_pmVersionApplication',20,'flowState',8,NULL,NULL,NULL,1,0,NULL,NULL,0,0,NULL,NULL),(1543,'qinyoyo.pm_version_application_pmVersionApplication',80,'licence',24,NULL,NULL,NULL,0,0,NULL,NULL,0,0,NULL,NULL),(1544,'qinyoyo.pm_version_application_pmVersionApplication',50,'project',16,NULL,NULL,NULL,0,0,NULL,NULL,0,0,NULL,NULL),(1545,'qinyoyo.pm_version_application_pmVersionApplication',100,'versionInfo',24,NULL,NULL,NULL,0,0,NULL,NULL,0,0,NULL,NULL),(1548,'qinyoyo.ad_org_adOrg',350,'hr',12,NULL,NULL,NULL,0,0,NULL,NULL,1,0,NULL,NULL),(1549,'qinyoyo.ad_org_adOrg',300,'orgCode',12,NULL,NULL,NULL,0,0,NULL,NULL,1,0,NULL,NULL),(1550,'qinyoyo.ad_org_adOrg',340,'shiftId',12,NULL,NULL,NULL,0,0,NULL,NULL,0,0,NULL,NULL),(1551,'qinyoyo.ad_org_adOrg',320,'name',12,NULL,NULL,NULL,1,0,NULL,NULL,0,0,NULL,NULL),(1552,'qinyoyo.ad_org_adOrg',330,'parent',12,NULL,NULL,NULL,0,0,NULL,NULL,1,0,NULL,NULL),(1553,'qinyoyo.ad_org_adOrg',310,'sysOrgCode',12,NULL,NULL,NULL,0,0,NULL,NULL,1,0,NULL,NULL),(1554,'qinyoyo.ad_org_adOrg',380,'managerName',12,NULL,NULL,NULL,0,0,NULL,NULL,0,0,NULL,NULL),(1555,'qinyoyo.ad_org_adOrg',370,'manager',12,NULL,NULL,NULL,0,0,NULL,NULL,1,0,NULL,NULL),(1556,'qinyoyo.ad_org_adOrg',390,'managerOrgCode',12,NULL,NULL,NULL,0,0,NULL,NULL,1,0,NULL,NULL),(1557,'qinyoyo.ad_org_adOrg',360,'hrName',12,NULL,NULL,NULL,0,0,NULL,NULL,0,0,NULL,NULL),(1558,'qinyoyo.ad_org_adOrg',410,'deviation',8,NULL,NULL,NULL,0,0,NULL,NULL,0,0,NULL,NULL),(1559,'qinyoyo.ad_org_adOrg',400,'manageLimit',8,NULL,NULL,NULL,0,0,NULL,NULL,0,0,NULL,NULL),(1560,'qinyoyo.ad_org_adOrg',420,'floatLimit',8,NULL,NULL,NULL,0,0,NULL,NULL,0,0,NULL,NULL),(1561,'qinyoyo.ad_org_adOrg',430,'absentLimit',12,NULL,NULL,NULL,0,0,NULL,NULL,0,0,NULL,NULL),(1562,'qinyoyo.ad_org_adOrg',440,'freeWorkLimit',12,NULL,NULL,NULL,0,0,NULL,NULL,0,0,NULL,NULL),(1563,'qinyoyo.pm_people_pmPeople',300,'realName',24,NULL,NULL,NULL,0,0,NULL,NULL,0,0,NULL,NULL),(1564,'qinyoyo.ad_employee_adEmployee',20,'orgCode',12,NULL,NULL,NULL,1,0,NULL,NULL,0,0,NULL,NULL),(1565,'qinyoyo.ad_employee_adEmployee',10,'realName',12,NULL,NULL,NULL,1,0,NULL,NULL,0,0,NULL,NULL),(1570,'qinyoyo.ad_adjust_addData',10,'realName',12,NULL,NULL,NULL,1,0,NULL,NULL,0,0,NULL,NULL),(1571,'qinyoyo.pm_version_application_pmVersionApplication',10,'registerByName',8,NULL,NULL,NULL,1,0,NULL,NULL,0,0,NULL,NULL),(1572,'qinyoyo.pm_project_pmProjectAssess',50,'registerByName',8,NULL,NULL,NULL,1,0,NULL,NULL,0,0,NULL,NULL),(1573,'qinyoyo.pm_project_pmProject',10,'registerByName',8,NULL,NULL,NULL,1,0,NULL,NULL,0,0,NULL,NULL),(1578,'qinyoyo.pm_version_application_pmVersionApplicationAssess',20,'registerByName',8,NULL,NULL,NULL,1,0,NULL,NULL,0,0,NULL,NULL);
/*!40000 ALTER TABLE `cg_form_field` ENABLE KEYS */;
UNLOCK TABLES;

--
-- Table structure for table `cg_list`
--

DROP TABLE IF EXISTS `cg_list`;
/*!40101 SET @saved_cs_client     = @@character_set_client */;
/*!40101 SET character_set_client = utf8 */;
CREATE TABLE `cg_list` (
  `id` varchar(64) NOT NULL COMMENT 'ID',
  `name` varchar(50) NOT NULL COMMENT '名称',
  `path` varchar(45) NOT NULL DEFAULT 'list' COMMENT '路径最后一级',
  `table_id` varchar(32) NOT NULL COMMENT '对应表单',
  `icon` varchar(45) DEFAULT NULL COMMENT '图标',
  `head_title` varchar(64) NOT NULL COMMENT '列表标题',
  `tag_title` varchar(45) DEFAULT NULL COMMENT 'tag标题',
  `edit_inline` tinyint(1) NOT NULL COMMENT '行内编辑',
  `detail_inline` tinyint(1) NOT NULL COMMENT '行内详情',
  `sons` varchar(100) DEFAULT NULL COMMENT '子表',
  `son_fields` varchar(100) DEFAULT NULL COMMENT '子表外键字段列表',
  `son_align` varchar(1) NOT NULL DEFAULT 'v' COMMENT '主从表排列',
  `generator_type` int(11) NOT NULL COMMENT '主表宽度',
  `title_field` varchar(45) DEFAULT NULL COMMENT '显示在子表标题里的主表字段',
  `parent_entity` varchar(45) DEFAULT NULL COMMENT 'tree的父级Entity',
  `tree_show_entity` varchar(45) DEFAULT NULL COMMENT '树显示Entity',
  `show_search` tinyint(1) NOT NULL COMMENT '显示模糊查询',
  `toolbar_mode` int(11) NOT NULL DEFAULT '2' COMMENT '工具条显示模式',
  `table_height` int(11) NOT NULL DEFAULT '0' COMMENT '表高',
  `pagination` tinyint(1) NOT NULL COMMENT '是否分页',
  `order_by` varchar(100) DEFAULT NULL COMMENT '默认排序',
  `sort_field` varchar(45) DEFAULT NULL COMMENT '拖拽排序字段',
  `stripe` tinyint(1) NOT NULL DEFAULT '1' COMMENT '斑马纹风格',
  `border` tinyint(1) NOT NULL DEFAULT '0' COMMENT '边框',
  `state_entity` varchar(45) DEFAULT NULL COMMENT '状态字段或函数',
  `max_height` int(11) DEFAULT '0' COMMENT '最大高度',
  `highlight_current_row` tinyint(1) NOT NULL DEFAULT '1' COMMENT '单选高亮',
  `multiple` tinyint(1) NOT NULL DEFAULT '0' COMMENT '多选',
  `show_summary` tinyint(1) DEFAULT '0' COMMENT '统计栏',
  `span_entities` varchar(200) DEFAULT NULL COMMENT '合并字段',
  `show_header` tinyint(1) NOT NULL DEFAULT '1' COMMENT '显示表头',
  `images` varchar(200) DEFAULT NULL COMMENT '顶部轮播图像',
  `view_properties` text COMMENT '视图属性',
  `table_properties` text COMMENT '列表属性',
  `sons_properties` text COMMENT '子组件属性',
  `action_list` varchar(200) DEFAULT NULL COMMENT '功能清单',
  `flow_data_url` varchar(200) DEFAULT NULL COMMENT '流程状态数据url',
  `local_export` tinyint(1) NOT NULL DEFAULT '0' COMMENT '本地导出',
  PRIMARY KEY (`id`),
  UNIQUE KEY `ui_cg_list01` (`path`,`table_id`),
  KEY `fk_cg_list_table_id_cg_table_id` (`table_id`),
  CONSTRAINT `fk_cg_list_table_id_cg_table_id` FOREIGN KEY (`table_id`) REFERENCES `cg_table` (`id`) ON DELETE CASCADE ON UPDATE CASCADE
) ENGINE=InnoDB DEFAULT CHARSET=utf8 ROW_FORMAT=DYNAMIC COMMENT='列表视图定义';
/*!40101 SET character_set_client = @saved_cs_client */;

--
-- Dumping data for table `cg_list`
--

LOCK TABLES `cg_list` WRITE;
/*!40000 ALTER TABLE `cg_list` DISABLE KEYS */;
INSERT INTO `cg_list` (`id`, `name`, `path`, `table_id`, `icon`, `head_title`, `tag_title`, `edit_inline`, `detail_inline`, `sons`, `son_fields`, `son_align`, `generator_type`, `title_field`, `parent_entity`, `tree_show_entity`, `show_search`, `toolbar_mode`, `table_height`, `pagination`, `order_by`, `sort_field`, `stripe`, `border`, `state_entity`, `max_height`, `highlight_current_row`, `multiple`, `show_summary`, `span_entities`, `show_header`, `images`, `view_properties`, `table_properties`, `sons_properties`, `action_list`, `flow_data_url`, `local_export`) VALUES ('qinyoyo.ad_adjust_adjust','adjust','list','qinyoyo.ad_adjust','fa fa-handshake-o','人事清单','人事清单',0,0,NULL,NULL,'v',70,NULL,NULL,NULL,1,2,0,1,'register_time desc',NULL,1,0,NULL,0,1,0,0,NULL,1,NULL,NULL,NULL,NULL,'view,flow,list,edit,delete,export','/attendance/adjust/adAdjust/list',1),('qinyoyo.ad_data_adData','adData','list','qinyoyo.ad_data',NULL,'考勤数据','考勤数据',0,0,NULL,NULL,'v',0,NULL,NULL,NULL,1,2,0,1,'date_date desc, org_code, date_time',NULL,1,1,NULL,0,1,0,0,'dateDate,orgCode,employeeNo,realName',1,NULL,NULL,NULL,NULL,'list,export',NULL,1),('qinyoyo.ad_day_result_adDayResult','adDayResult','list','qinyoyo.ad_day_result','','日考勤汇总','日考勤汇总',0,0,NULL,'','v',0,'','','',1,2,0,1,'org_code,employee_no,ad_date,shift_id,state',NULL,1,1,NULL,0,1,0,0,'orgName,employeeNo,realName',1,'',NULL,NULL,NULL,'list,export,_export,adjust',NULL,0),('qinyoyo.ad_employee_adEmployee','adEmployee','list','qinyoyo.ad_employee','','考勤职员表','考勤职员表',1,0,NULL,'','v',0,'realName','','',1,2,0,0,'org_code,employee_no',NULL,1,1,NULL,0,1,0,0,NULL,1,'',NULL,NULL,NULL,'list,view,edit,export',NULL,1),('qinyoyo.ad_employee_adEmployeeJoin','adEmployeeJoin','join','qinyoyo.ad_employee',NULL,'职员选择','职员选择',0,0,NULL,NULL,'v',0,NULL,NULL,NULL,1,2,1,1,'org_code,employee_no',NULL,1,0,NULL,0,1,1,0,NULL,1,NULL,NULL,NULL,NULL,'list',NULL,0),('qinyoyo.ad_exception_adException','adException','list','qinyoyo.ad_exception','','节假日调休安排列表','节假日调休安排列表',1,0,'','','v',0,'','',NULL,1,2,0,0,'start_date,week_day',NULL,1,1,NULL,0,1,0,0,NULL,1,'',NULL,NULL,NULL,'list,add,view,edit,delete,batchDelete,import,export',NULL,0),('qinyoyo.ad_org_adOrg','adOrg','list','qinyoyo.ad_org',NULL,'考勤部门信息表','考勤部门信息表',1,0,'adEmployee','orgCode|orgCode','h',50,'name','parent','name',1,2,0,0,'org_code',NULL,1,1,NULL,0,1,0,0,NULL,1,NULL,NULL,NULL,NULL,'list,view,edit,import,export,delete',NULL,1),('qinyoyo.ad_shift_adShift','adShift','list','qinyoyo.ad_shift','','考勤排班表','考勤排班表',1,0,'adShiftTime,adException','shiftId,shiftId','h',50,'name','','',1,2,0,0,'',NULL,1,1,NULL,0,1,0,0,NULL,1,'',NULL,NULL,NULL,'list,add,view,edit,delete,import,export',NULL,0),('qinyoyo.ad_shift_time_adShiftTime','adShiftTime','list','qinyoyo.ad_shift_time','','排班时间表','排班时间表',1,0,'','','v',0,'','',NULL,1,2,0,0,'week_days,start_work_time',NULL,1,1,NULL,0,1,0,0,NULL,1,'',NULL,NULL,NULL,'list,add,view,edit,delete,batchDelete,import,export',NULL,0),('qinyoyo.ad_special_shift_adSpecialShift','adSpecialShift','list','qinyoyo.ad_special_shift','','特殊排班表','特殊排班表',0,0,'adSpecialShift|u,adSpecialShiftTime|f','id,specialShiftId','v',50,'name','','',1,2,0,0,'start_date desc,shift_mode',NULL,1,1,NULL,0,1,0,0,NULL,1,'',NULL,NULL,NULL,'list,add,view,edit,delete,import,export',NULL,0),('qinyoyo.ad_special_shift_time_adSpecialShiftTime','adSpecialShiftTime','list','qinyoyo.ad_special_shift_time','','特殊排班时间表','特殊排班时间表',1,0,'','','v',0,'','',NULL,1,2,0,0,'special_shift_id,start_time',NULL,1,1,NULL,0,1,0,0,NULL,1,'',NULL,NULL,NULL,'list,add,view,edit,delete,batchDelete,import,export',NULL,0),('qinyoyo.cg_button_cgButton','cgButton','list','qinyoyo.cg_button','','按钮列表','按钮列表',1,0,'','','v',0,'','','',1,2,0,0,'order_num','orderNum',1,1,NULL,0,1,1,0,NULL,1,'',NULL,NULL,NULL,'list,add,view,edit,delete,batdel,import,export',NULL,0),('qinyoyo.cg_field_cgField','cgField','list','qinyoyo.cg_field','','字段列表','字段列表',1,0,'','','v',0,NULL,NULL,NULL,1,2,0,0,'table_id,order_num','orderNum',1,1,NULL,0,1,0,0,NULL,1,'',NULL,NULL,NULL,'list,add,view,edit,delete,batdel,import,export',NULL,0),('qinyoyo.cg_form_cgForm','cgForm','list','qinyoyo.cg_form',NULL,'表单列表','表单列表',0,0,'cgForm|u,cgFormField','id,formId','h',15,'name',NULL,NULL,1,2,0,0,'name',NULL,1,1,NULL,0,1,1,0,'tableId',1,NULL,NULL,NULL,',:tableId=\"tableId\"','list,add,view,edit,delete,batdel,import,export',NULL,0),('qinyoyo.cg_form_field_cgFormField','cgFormField','list','qinyoyo.cg_form_field',NULL,'表单字段列表','表单字段列表',1,0,NULL,NULL,'v',0,NULL,NULL,NULL,1,2,0,0,NULL,'orderNum',1,1,NULL,0,1,1,0,NULL,1,NULL,NULL,NULL,NULL,'list,add,view,edit,delete,batdel,import,export,select',NULL,0),('qinyoyo.cg_list_cgList','cgList','list','qinyoyo.cg_list',NULL,'列表视图表','列表视图表',0,0,'cgList|u,cgListField','id,listId','h',15,'name',NULL,NULL,1,2,0,0,'name',NULL,1,1,NULL,0,1,1,0,'tableId',1,NULL,NULL,NULL,',:tableId=\"tableId\"','list,add,view,edit,delete,batdel,import,export',NULL,0),('qinyoyo.cg_list_cgListJoin','cgListJoin','join','qinyoyo.cg_list',NULL,'列表视图选择','列表视图',0,0,'',NULL,'v',100,NULL,NULL,NULL,1,2,0,0,NULL,'null',1,0,NULL,0,1,0,0,NULL,1,NULL,NULL,NULL,NULL,'list,add,view,edit,delete,batdel,import,export',NULL,0),('qinyoyo.cg_list_field_cgListField','cgListField','list','qinyoyo.cg_list_field','','列表视图字段表','列表视图字段表',0,0,NULL,'','v',0,'','','',1,2,0,0,'','orderNum',1,1,NULL,0,1,1,0,NULL,1,'',NULL,NULL,NULL,'list,add,view,edit,delete,batdel,import,export,select',NULL,0),('qinyoyo.cg_project_cgProject','cgProject','list','qinyoyo.cg_project',NULL,'项目表','项目表',0,0,NULL,NULL,'v',0,'name',NULL,NULL,1,2,0,0,NULL,NULL,1,1,NULL,0,1,0,0,NULL,1,NULL,NULL,NULL,NULL,'add,list,view,edit,delete,batdel,import,export,build,down',NULL,0),('qinyoyo.cg_table_cgTable','cgTable','list','qinyoyo.cg_table','','代码定义列表','代码定义列表',1,0,'cgTable|u,cgField,cgButton,cgList,cgForm','id,tableId,tableId,tableId,tableId','v',40,'title',NULL,NULL,1,2,0,0,'module,code',NULL,1,1,NULL,0,1,1,0,'module',1,'',NULL,NULL,NULL,'list,add,view,edit,delete,batdel,import,export,generator,sync,create',NULL,0),('qinyoyo.dev_org_devOrg','devOrg','list','qinyoyo.dev_org','','组织机构列表','组织机构列表',0,0,'devPeopleSelect','orgCode','v',75,'name','parent','name',1,2,0,0,'org_code',NULL,1,1,NULL,0,1,0,0,NULL,1,'org.jpg',NULL,NULL,NULL,'list',NULL,0),('qinyoyo.pay_bill_ewBill','ewBill','list','qinyoyo.pay_bill','','消费明细表','消费明细表',0,0,NULL,'','v',0,'userNo','','',1,2,0,1,'',NULL,1,1,NULL,0,1,0,0,NULL,1,'',NULL,NULL,NULL,'list,view,export',NULL,0),('qinyoyo.pay_corporation_payCorporation','payCorporation','list','qinyoyo.pay_corporation','','运营公司表','运营公司表',0,0,'','','v',0,'','parentId','name',1,2,0,0,'id',NULL,1,1,NULL,0,1,1,0,NULL,1,'',NULL,NULL,NULL,'list,add,view,edit,delete,batdel,import,export',NULL,0),('qinyoyo.pay_count_project_ewCountProject','ewCountProject','list','qinyoyo.pay_count_project','','计次消费项目表','计次消费项目表',0,0,'','','v',0,'','','',1,2,0,1,'id',NULL,1,1,NULL,0,1,1,0,NULL,1,'',NULL,NULL,NULL,'list,add,view,edit,delete,batdel,import,export',NULL,0),('qinyoyo.pay_device_ewDevice','ewDevice','list','qinyoyo.pay_device','','授信设备表','授信设备表',0,0,'','','v',0,'','','',1,2,0,1,'id',NULL,1,1,NULL,0,1,1,0,NULL,1,'',NULL,NULL,NULL,'list,add,view,edit,delete,batdel,import,export',NULL,0),('qinyoyo.pay_login_payLogin','payLogin','list','qinyoyo.pay_login','','签到日志表','签到日志表',0,0,'','','v',0,'','','',1,2,0,1,'id desc',NULL,1,1,NULL,0,1,0,0,NULL,1,'',NULL,NULL,NULL,'list,view,export',NULL,0),('qinyoyo.pay_operator_payOperator','payOperator','list','qinyoyo.pay_operator','','操作员表','操作员表',0,0,'','','v',0,'','','',1,2,0,1,'id',NULL,1,1,NULL,0,1,1,0,'shopId',1,'',NULL,NULL,NULL,'list,add,view,edit,delete,batdel,import,export',NULL,0),('qinyoyo.pay_pos_payPos','payPos','list','qinyoyo.pay_pos','','交易终端表','交易终端表',0,0,'ewUserCount,ewUserTime','','v',0,'','','',1,2,0,1,'shop_id,id',NULL,1,1,NULL,0,1,1,0,NULL,1,'',NULL,NULL,NULL,'list,add,view,edit,delete,batdel,import,export',NULL,0),('qinyoyo.pay_shop_payShop','payShop','list','qinyoyo.pay_shop','','商店表','商店表',0,0,'','','v',0,'','','',1,2,0,1,'id',NULL,1,1,NULL,0,1,1,0,'corporationId',1,'',NULL,NULL,NULL,'list,add,view,edit,delete,batdel,import,export',NULL,0),('qinyoyo.pay_time_project_ewTimeProject','ewTimeProject','list','qinyoyo.pay_time_project','','计时消费项目表','计时消费项目表',0,0,'','','v',0,'','','',1,2,0,1,'id',NULL,1,1,NULL,0,1,1,0,NULL,1,'',NULL,NULL,NULL,'list,add,view,edit,delete,batdel,import,export',NULL,0),('qinyoyo.pay_user_count_ewUserCount','ewUserCount','list','qinyoyo.pay_user_count','','计次钱包表','计次钱包表',0,0,'','','v',0,'','','',1,2,0,1,'id',NULL,1,1,NULL,0,1,0,0,NULL,1,'',NULL,NULL,NULL,'list,view,edit,export',NULL,0),('qinyoyo.pay_user_ewUser','ewUser','list','qinyoyo.pay_user','','电子钱包表','电子钱包表',0,0,'ewUserCount,ewUserTime','userNo,userNo','h',50,'name','','',1,2,0,1,'user_no',NULL,1,1,NULL,0,1,1,0,NULL,1,'',NULL,NULL,NULL,'list,add,view,edit,delete,batdel,export',NULL,0),('qinyoyo.pay_user_time_ewUserTime','ewUserTime','list','qinyoyo.pay_user_time','','计时钱包表','计时钱包表',0,0,'','','v',0,'','','',1,2,0,1,'id',NULL,1,1,NULL,0,1,0,0,NULL,1,'',NULL,NULL,NULL,'list,view,edit,export',NULL,0),('qinyoyo.pm_people_group_pmPeopleGroup','pmPeopleGroup','list','qinyoyo.pm_people_group','','职能人员分组表','职能人员分组表',0,0,'pmPeople','groupId','v',60,'name','parent','name',1,2,0,0,'group_type,id',NULL,1,1,NULL,0,1,1,0,NULL,1,'',NULL,NULL,NULL,'list,add,view,edit,delete,batdel,import,export',NULL,0),('qinyoyo.pm_people_pmPeople','pmPeople','list','qinyoyo.pm_people','','分组成员表','分组成员表',0,0,NULL,'','v',0,'','','',1,2,0,0,'group_id,user_id',NULL,1,1,NULL,0,1,1,0,NULL,1,'',NULL,NULL,NULL,'list,add,view,delete,batdel,import,export,new',NULL,0),('qinyoyo.pm_project_pmProject','pmProject','list','qinyoyo.pm_project','','项目及产品列表','项目及产品列表',0,0,NULL,'flowId','v',70,'','','',1,2,0,1,'',NULL,1,1,NULL,0,1,1,0,NULL,1,'',NULL,NULL,NULL,'list,add,view,edit,delete,batdel,import,export,flow','/framework/sysFlowProcess/list',0),('qinyoyo.pm_version_application_pmVersionApplication','pmVersionApplication','list','qinyoyo.pm_version_application','','版本申请表','版本申请表',0,0,NULL,'','v',70,'','','',1,2,0,1,'',NULL,1,1,NULL,0,1,1,0,NULL,1,'',NULL,NULL,NULL,'list,add,view,edit,delete,batdel,import,export,flow','/framework/sysFlowProcess/list',0),('qinyoyo.sys_action_action','action','list','qinyoyo.sys_action','','功能表','功能表',0,1,NULL,'','v',0,'value','','',0,2,0,1,'value',NULL,1,1,NULL,0,1,0,0,NULL,1,'',NULL,NULL,NULL,'list,edit,initial',NULL,0),('qinyoyo.sys_data_dict_dataDict','dataDict','list','qinyoyo.sys_data_dict','','数据字典表','数据字典表',1,1,NULL,'','v',0,'text','','',1,2,0,1,'dict,order_num',NULL,1,1,NULL,0,1,1,0,'dict',1,'',NULL,NULL,NULL,'list,add,edit,delete,batdel,import,export,editInline_add',NULL,0),('qinyoyo.sys_flow_process_flowProcess','flowProcess','list','qinyoyo.sys_flow_process','','流程处理表','流程处理表',0,0,'','','v',0,'','','',1,2,0,0,'flow_id,time desc',NULL,1,1,NULL,0,1,0,0,NULL,1,'',NULL,NULL,NULL,'list,view',NULL,0),('qinyoyo.sys_log_sysLog','sysLog','list','qinyoyo.sys_log','','系统日志表','系统日志表',0,0,NULL,'','v',0,'','','',1,2,0,1,'time desc',NULL,1,1,NULL,0,1,1,0,NULL,1,'',NULL,NULL,NULL,'list,delete,batdel,export,query,clear,loginTop10',NULL,0),('qinyoyo.sys_menu_menu','menu','list','qinyoyo.sys_menu','','系统菜单表','系统菜单表',1,1,NULL,'','v',0,'name','parent','name',1,2,0,0,'sort_num','sortNum',1,1,NULL,0,1,1,0,NULL,1,'',NULL,NULL,NULL,'list,add,view,edit,delete,batdel,import,export',NULL,0),('qinyoyo.sys_message_message','message','list','qinyoyo.sys_message','fa fa-commenting-o','消息表','消息表',0,0,NULL,'','v',0,'','','',1,2,0,1,'create_time desc',NULL,1,1,NULL,0,1,1,0,NULL,1,'',NULL,'@row-dblclick=\"(row, event)=>rowDblclick(row, event)\" ',NULL,'list,delete,batdel,readAll,view,process,read',NULL,0),('qinyoyo.sys_oauth_client_details_oauthClientDetails','oauthClientDetails','list','qinyoyo.sys_oauth_client_details','','OAuth2配置表','OAuth2配置表',0,0,NULL,'','v',0,'','','',1,2,0,1,'',NULL,1,1,NULL,0,1,1,0,NULL,1,'',NULL,NULL,NULL,'list,add,view,edit,delete,batdel,import,export',NULL,0),('qinyoyo.sys_org_org','org','list','qinyoyo.sys_org',NULL,'组织机构表','组织机构表',0,1,'user','orgCode|orgCode','v',30,'name','parent','name',0,2,0,0,'org_code',NULL,1,1,NULL,0,1,0,0,NULL,1,NULL,NULL,NULL,NULL,'list,add,view,edit,delete,import,export',NULL,0),('qinyoyo.sys_role_role','role','list','qinyoyo.sys_role','','角色表','角色表',1,1,'c|CgFormPermissionTree|/common-views/extend-views/CgFormPermissionTree|sysPermission.title.record','role','v',50,'name','','',0,2,0,0,'id asc',NULL,1,1,NULL,0,1,0,0,NULL,1,'',NULL,NULL,NULL,'list,delete,import,export,editInline_add',NULL,0),('qinyoyo.sys_task_task','task','list','qinyoyo.sys_task','','调度任务表','调度任务表',0,0,NULL,'','v',0,'name','','',1,2,0,0,'',NULL,1,1,NULL,0,1,0,0,NULL,1,'',NULL,NULL,NULL,'list,add,view,edit,delete',NULL,0),('qinyoyo.sys_user_user','user','list','qinyoyo.sys_user',NULL,'用户表','用户表',0,0,NULL,NULL,'v',60,'realName',NULL,NULL,1,2,0,1,'org_code,real_name',NULL,1,1,NULL,0,1,1,0,'orgCode',1,NULL,NULL,NULL,NULL,'list,add,view,edit,delete,batdel,import,export,resetPassword',NULL,0),('qinyoyo.sys_user_userJoin','userJoin','join','qinyoyo.sys_user',NULL,'用户表','用户表',0,0,NULL,NULL,'v',60,NULL,NULL,NULL,1,2,0,1,'org_code,real_name',NULL,1,0,NULL,0,1,1,0,NULL,1,NULL,NULL,NULL,NULL,'list',NULL,0);
/*!40000 ALTER TABLE `cg_list` ENABLE KEYS */;
UNLOCK TABLES;

--
-- Table structure for table `cg_list_field`
--

DROP TABLE IF EXISTS `cg_list_field`;
/*!40101 SET @saved_cs_client     = @@character_set_client */;
/*!40101 SET character_set_client = utf8 */;
CREATE TABLE `cg_list_field` (
  `id` int(11) NOT NULL AUTO_INCREMENT COMMENT 'ID',
  `list_id` varchar(64) NOT NULL COMMENT 'listID',
  `order_num` int(11) NOT NULL COMMENT '排序',
  `entity_field` varchar(45) NOT NULL COMMENT '表entity字段',
  `query_mode` int(11) NOT NULL DEFAULT '0' COMMENT '查询模式',
  `fix` tinyint(1) NOT NULL DEFAULT '0' COMMENT '固定列',
  `expand` tinyint(1) NOT NULL DEFAULT '0' COMMENT '展开列',
  `overflow_tooltip` tinyint(1) NOT NULL DEFAULT '1' COMMENT '提示隐藏内容',
  `align` varchar(45) NOT NULL DEFAULT 'left' COMMENT '对齐',
  `header_align` varchar(45) DEFAULT NULL COMMENT '表头对齐',
  `width` int(11) NOT NULL DEFAULT '128' COMMENT '默认宽度',
  `column_properties` text COMMENT '列属性',
  `hidden` tinyint(1) NOT NULL DEFAULT '0' COMMENT '隐藏字段',
  `edit_inline` tinyint(1) NOT NULL DEFAULT '0' COMMENT '行内编辑',
  `default_query_value` varchar(200) DEFAULT NULL COMMENT '缺省查询条件',
  `cell_display_slot` varchar(500) DEFAULT NULL COMMENT '自定义字段显示',
  `show_type` varchar(45) DEFAULT NULL COMMENT '修改控件类型为',
  PRIMARY KEY (`id`),
  UNIQUE KEY `ui_cg_list_field01` (`list_id`,`entity_field`),
  CONSTRAINT `fk_cg_list_field_list_id_cg_list_id` FOREIGN KEY (`list_id`) REFERENCES `cg_list` (`id`) ON DELETE CASCADE ON UPDATE CASCADE
) ENGINE=InnoDB AUTO_INCREMENT=765 DEFAULT CHARSET=utf8 ROW_FORMAT=DYNAMIC COMMENT='列表视图字段定义';
/*!40101 SET character_set_client = @saved_cs_client */;

--
-- Dumping data for table `cg_list_field`
--

LOCK TABLES `cg_list_field` WRITE;
/*!40000 ALTER TABLE `cg_list_field` DISABLE KEYS */;
INSERT INTO `cg_list_field` (`id`, `list_id`, `order_num`, `entity_field`, `query_mode`, `fix`, `expand`, `overflow_tooltip`, `align`, `header_align`, `width`, `column_properties`, `hidden`, `edit_inline`, `default_query_value`, `cell_display_slot`, `show_type`) VALUES (1,'qinyoyo.pay_corporation_payCorporation',30,'name',1,0,0,1,'left',NULL,0,NULL,0,0,NULL,NULL,NULL),(2,'qinyoyo.pay_corporation_payCorporation',40,'address',0,0,0,1,'left',NULL,0,NULL,0,0,NULL,NULL,NULL),(3,'qinyoyo.pay_corporation_payCorporation',50,'linkman',0,0,0,1,'left',NULL,0,NULL,0,0,NULL,NULL,NULL),(4,'qinyoyo.pay_corporation_payCorporation',60,'linkphone',0,0,0,1,'left',NULL,0,NULL,0,0,NULL,NULL,NULL),(5,'qinyoyo.pay_bill_ewBill',110,'projectPrice',0,0,0,1,'right',NULL,0,NULL,0,0,NULL,NULL,NULL),(6,'qinyoyo.pay_login_payLogin',30,'shopId',1,0,0,1,'left',NULL,0,NULL,0,0,NULL,NULL,NULL),(7,'qinyoyo.pay_login_payLogin',40,'operatorId',1,0,0,1,'left',NULL,0,NULL,0,0,NULL,NULL,NULL),(8,'qinyoyo.pay_login_payLogin',60,'loginTime',1,0,0,1,'center',NULL,0,NULL,0,0,NULL,NULL,NULL),(9,'qinyoyo.pay_login_payLogin',70,'logoutTime',0,0,0,1,'center',NULL,0,NULL,0,0,NULL,NULL,NULL),(10,'qinyoyo.pay_login_payLogin',80,'deviceStream',0,0,0,1,'left',NULL,0,NULL,0,0,NULL,NULL,NULL),(11,'qinyoyo.pay_login_payLogin',100,'appVersion',0,0,0,1,'left',NULL,0,NULL,0,0,NULL,NULL,NULL),(12,'qinyoyo.pay_login_payLogin',50,'batchNo',1,0,0,1,'left',NULL,0,NULL,0,0,NULL,NULL,NULL),(13,'qinyoyo.pay_operator_payOperator',20,'name',0,0,0,1,'left',NULL,0,NULL,0,0,NULL,NULL,NULL),(14,'qinyoyo.pay_operator_payOperator',30,'realName',1,0,0,1,'left',NULL,0,NULL,0,0,NULL,NULL,NULL),(15,'qinyoyo.pay_operator_payOperator',40,'shopId',0,0,0,1,'left',NULL,0,NULL,0,0,NULL,NULL,NULL),(16,'qinyoyo.pay_user_ewUser',160,'activeSince',1,0,0,1,'center',NULL,0,NULL,0,0,NULL,NULL,NULL),(17,'qinyoyo.pay_user_ewUser',170,'expireAt',0,0,0,1,'center',NULL,0,NULL,0,0,NULL,NULL,NULL),(18,'qinyoyo.ad_employee_adEmployee',90,'shiftId',0,0,0,1,'left',NULL,0,NULL,0,1,NULL,NULL,NULL),(19,'qinyoyo.pay_user_ewUser',140,'costLimit',0,0,0,1,'right',NULL,0,NULL,0,0,NULL,NULL,NULL),(20,'qinyoyo.pay_user_ewUser',150,'dayLimit',0,0,0,1,'right',NULL,0,NULL,0,0,NULL,NULL,NULL),(21,'qinyoyo.pay_count_project_ewCountProject',10,'id',0,0,0,1,'right',NULL,0,NULL,0,0,NULL,NULL,NULL),(22,'qinyoyo.pay_count_project_ewCountProject',30,'name',1,0,0,1,'left',NULL,0,NULL,0,0,NULL,NULL,NULL),(23,'qinyoyo.pay_count_project_ewCountProject',50,'baseValue',0,0,0,1,'right',NULL,0,NULL,0,0,NULL,NULL,NULL),(24,'qinyoyo.pay_count_project_ewCountProject',60,'bonusPoint',0,0,0,1,'right',NULL,0,NULL,0,0,NULL,NULL,NULL),(25,'qinyoyo.pay_pos_payPos',20,'no',1,0,0,1,'left',NULL,0,NULL,0,0,NULL,NULL,NULL),(26,'qinyoyo.pay_pos_payPos',30,'shopId',0,0,0,1,'left',NULL,0,NULL,0,0,NULL,NULL,NULL),(27,'qinyoyo.pay_pos_payPos',60,'loginId',0,0,0,1,'right',NULL,0,NULL,0,0,NULL,NULL,NULL),(28,'qinyoyo.pay_user_count_ewUserCount',70,'costLimit',0,0,0,1,'right',NULL,0,NULL,0,0,NULL,NULL,NULL),(29,'qinyoyo.pay_user_count_ewUserCount',80,'dayLimit',0,0,0,1,'right',NULL,0,NULL,0,0,NULL,NULL,NULL),(30,'qinyoyo.pay_user_time_ewUserTime',50,'costLimit',0,0,0,1,'right',NULL,0,NULL,0,0,NULL,NULL,NULL),(31,'qinyoyo.pay_user_time_ewUserTime',60,'dayLimit',0,0,0,1,'right',NULL,0,NULL,0,0,NULL,NULL,NULL),(32,'qinyoyo.pay_shop_payShop',10,'id',0,0,0,1,'right',NULL,0,NULL,0,0,NULL,NULL,NULL),(33,'qinyoyo.pay_shop_payShop',30,'name',0,0,0,1,'left',NULL,0,NULL,0,0,NULL,NULL,NULL),(34,'qinyoyo.pay_shop_payShop',20,'corporationId',0,0,0,1,'left',NULL,0,NULL,0,0,NULL,NULL,NULL),(35,'qinyoyo.pay_shop_payShop',60,'address',0,0,0,1,'left',NULL,0,NULL,0,0,NULL,NULL,NULL),(36,'qinyoyo.pay_shop_payShop',40,'linkman',0,0,0,1,'left',NULL,0,NULL,0,0,NULL,NULL,NULL),(37,'qinyoyo.pay_shop_payShop',50,'linkPhone',0,0,0,1,'left',NULL,0,NULL,0,0,NULL,NULL,NULL),(38,'qinyoyo.pay_device_ewDevice',20,'deviceNo',1,0,0,1,'left',NULL,0,NULL,0,0,NULL,NULL,NULL),(39,'qinyoyo.pay_device_ewDevice',30,'shopId',1,0,0,1,'left',NULL,0,NULL,0,0,NULL,NULL,NULL),(40,'qinyoyo.pay_device_ewDevice',40,'privilegeList',0,0,0,1,'left',NULL,0,NULL,0,0,NULL,NULL,NULL),(43,'qinyoyo.pay_pos_payPos',80,'ewalletActive',0,0,0,1,'center',NULL,0,NULL,0,0,NULL,NULL,NULL),(44,'qinyoyo.pay_pos_payPos',90,'countProjectList',0,0,0,1,'left',NULL,0,NULL,0,0,NULL,NULL,NULL),(45,'qinyoyo.pay_pos_payPos',100,'timeProjectList',0,0,0,1,'left',NULL,0,NULL,0,0,NULL,NULL,NULL),(46,'qinyoyo.pay_bill_ewBill',10,'no',1,0,0,1,'left',NULL,0,NULL,0,0,NULL,NULL,NULL),(47,'qinyoyo.pay_bill_ewBill',60,'dt',1,0,0,1,'center',NULL,0,NULL,0,0,NULL,NULL,NULL),(48,'qinyoyo.pay_bill_ewBill',30,'isCharge',1,0,0,1,'center',NULL,0,NULL,0,0,NULL,NULL,NULL),(49,'qinyoyo.pay_bill_ewBill',40,'userNo',1,0,0,1,'left',NULL,0,NULL,0,0,NULL,NULL,NULL),(50,'qinyoyo.pay_bill_ewBill',80,'costType',1,0,0,1,'left',NULL,0,NULL,0,0,NULL,NULL,NULL),(51,'qinyoyo.pay_bill_ewBill',100,'projectName',0,0,0,1,'left',NULL,0,NULL,0,0,NULL,NULL,NULL),(52,'qinyoyo.pay_bill_ewBill',120,'amount',0,0,0,1,'right',NULL,0,NULL,0,0,NULL,NULL,NULL),(53,'qinyoyo.pay_bill_ewBill',160,'deviceNo',0,0,0,1,'left',NULL,0,NULL,0,0,NULL,NULL,NULL),(54,'qinyoyo.pay_bill_ewBill',170,'shopId',1,0,0,1,'left',NULL,0,NULL,0,0,NULL,NULL,NULL),(55,'qinyoyo.pay_bill_ewBill',190,'deviceDt',0,0,0,1,'center',NULL,0,NULL,0,0,NULL,NULL,NULL),(56,'qinyoyo.pay_bill_ewBill',200,'tradeNo',0,0,0,1,'left',NULL,0,NULL,0,0,NULL,NULL,NULL),(57,'qinyoyo.pay_bill_ewBill',210,'operatorNo',1,0,0,1,'left',NULL,0,NULL,0,0,NULL,NULL,NULL),(58,'qinyoyo.pay_user_ewUser',20,'isActive',1,0,0,1,'center',NULL,0,NULL,0,0,NULL,NULL,NULL),(59,'qinyoyo.pay_time_project_ewTimeProject',10,'id',0,0,0,1,'right',NULL,0,NULL,0,0,NULL,NULL,NULL),(60,'qinyoyo.pay_time_project_ewTimeProject',30,'name',1,0,0,1,'left',NULL,0,NULL,0,0,NULL,NULL,NULL),(61,'qinyoyo.pay_time_project_ewTimeProject',40,'baseValue',0,0,0,1,'right',NULL,0,NULL,0,0,NULL,NULL,NULL),(62,'qinyoyo.pay_time_project_ewTimeProject',60,'bonusPoint',0,0,0,1,'right',NULL,0,NULL,0,0,NULL,NULL,NULL),(63,'qinyoyo.pm_version_application_pmVersionApplication',10,'flowState',1,0,0,1,'left',NULL,0,NULL,0,0,NULL,NULL,NULL),(64,'qinyoyo.pm_version_application_pmVersionApplication',20,'flowRegisterTime',0,0,0,1,'center',NULL,0,NULL,0,0,NULL,NULL,NULL),(66,'qinyoyo.pm_version_application_pmVersionApplication',50,'project',1,0,0,1,'left',NULL,0,NULL,0,0,NULL,NULL,NULL),(67,'qinyoyo.pm_version_application_pmVersionApplication',40,'applicationType',1,0,0,1,'left',NULL,0,NULL,0,0,NULL,NULL,NULL),(68,'qinyoyo.pm_version_application_pmVersionApplication',60,'customer',1,0,0,1,'left',NULL,0,NULL,0,0,NULL,NULL,NULL),(70,'qinyoyo.pay_count_project_ewCountProject',40,'basePrice',0,0,0,1,'right',NULL,0,NULL,0,0,NULL,NULL,NULL),(73,'qinyoyo.pay_time_project_ewTimeProject',50,'basePrice',0,0,0,1,'right',NULL,0,NULL,0,0,NULL,NULL,NULL),(74,'qinyoyo.pay_user_ewUser',10,'userNo',0,0,0,1,'left',NULL,0,NULL,0,0,NULL,NULL,NULL),(75,'qinyoyo.pay_user_ewUser',30,'name',1,0,0,1,'left',NULL,0,NULL,0,0,NULL,NULL,NULL),(76,'qinyoyo.pay_user_ewUser',40,'gender',0,0,0,1,'left',NULL,0,NULL,0,0,NULL,NULL,NULL),(77,'qinyoyo.pay_user_ewUser',100,'birthDate',0,0,0,1,'center',NULL,0,NULL,0,0,NULL,NULL,NULL),(78,'qinyoyo.pay_user_ewUser',70,'mobilePhone',1,0,0,1,'left',NULL,0,NULL,0,0,NULL,NULL,NULL),(79,'qinyoyo.pay_user_ewUser',80,'email',1,0,0,1,'left',NULL,0,NULL,0,0,NULL,NULL,NULL),(80,'qinyoyo.pay_user_ewUser',90,'wechatOpenid',0,0,0,1,'center',NULL,0,NULL,0,0,NULL,NULL,NULL),(81,'qinyoyo.pay_user_ewUser',110,'memberGroup',1,0,0,1,'left',NULL,0,NULL,0,0,NULL,NULL,NULL),(82,'qinyoyo.pay_user_ewUser',130,'amountMoney',0,0,0,1,'right',NULL,0,NULL,0,0,NULL,NULL,NULL),(83,'qinyoyo.pay_user_ewUser',120,'bonusPoint',0,0,0,1,'right',NULL,0,NULL,0,0,NULL,NULL,NULL),(84,'qinyoyo.pay_user_count_ewUserCount',20,'userNo',1,0,0,1,'left',NULL,0,NULL,0,0,NULL,NULL,NULL),(85,'qinyoyo.pay_user_count_ewUserCount',30,'countId',0,0,0,1,'left',NULL,0,NULL,0,0,NULL,NULL,NULL),(86,'qinyoyo.pay_user_count_ewUserCount',40,'amountCount',0,0,0,1,'right',NULL,0,NULL,0,0,NULL,NULL,NULL),(90,'qinyoyo.cg_form_cgForm',80,'isFlow',0,0,0,1,'center',NULL,0,NULL,0,1,NULL,NULL,NULL),(94,'qinyoyo.cg_form_cgForm',50,'icon',0,0,0,1,'left',NULL,0,NULL,0,1,NULL,NULL,NULL),(95,'qinyoyo.cg_form_cgForm',60,'headTitle',0,0,0,1,'left',NULL,0,NULL,0,1,NULL,NULL,NULL),(96,'qinyoyo.cg_form_cgForm',70,'tagTitle',0,0,0,1,'left',NULL,0,NULL,0,1,NULL,NULL,NULL),(97,'qinyoyo.cg_form_cgForm',110,'labelPosition',0,0,0,1,'left',NULL,0,NULL,0,1,NULL,NULL,NULL),(100,'qinyoyo.cg_form_cgForm',90,'isDialog',0,0,0,1,'center',NULL,0,NULL,0,1,NULL,NULL,NULL),(101,'qinyoyo.cg_form_cgForm',100,'continueAdd',0,0,0,1,'center',NULL,0,NULL,0,1,NULL,NULL,NULL),(106,'qinyoyo.pay_user_time_ewUserTime',10,'userNo',1,0,0,1,'left',NULL,0,NULL,0,0,NULL,NULL,NULL),(107,'qinyoyo.pay_user_time_ewUserTime',30,'timeId',0,0,0,1,'left',NULL,0,NULL,0,0,NULL,NULL,NULL),(108,'qinyoyo.pay_user_time_ewUserTime',40,'amountTime',0,0,0,1,'right',NULL,0,NULL,0,0,NULL,NULL,NULL),(109,'qinyoyo.pm_people_group_pmPeopleGroup',10,'name',0,0,0,1,'left',NULL,200,NULL,0,0,NULL,NULL,NULL),(110,'qinyoyo.pm_people_group_pmPeopleGroup',20,'groupType',0,0,0,1,'left',NULL,0,NULL,0,0,NULL,NULL,NULL),(111,'qinyoyo.pm_people_group_pmPeopleGroup',30,'enabled',0,0,0,1,'center',NULL,0,NULL,0,0,NULL,NULL,NULL),(112,'qinyoyo.pay_user_ewUser',50,'idType',0,0,0,1,'left',NULL,0,NULL,0,0,NULL,NULL,NULL),(113,'qinyoyo.pay_user_ewUser',60,'idNo',1,0,0,1,'left',NULL,0,NULL,0,0,NULL,NULL,NULL),(114,'qinyoyo.pay_bill_ewBill',50,'batchNo',0,0,0,1,'left',NULL,0,NULL,0,0,NULL,NULL,NULL),(115,'qinyoyo.pay_bill_ewBill',20,'canceled',0,0,0,1,'center',NULL,0,NULL,0,0,NULL,NULL,NULL),(116,'qinyoyo.pay_count_project_ewCountProject',70,'startTime',0,0,0,1,'center',NULL,0,NULL,0,0,NULL,NULL,NULL),(117,'qinyoyo.pay_count_project_ewCountProject',80,'endTime',0,0,0,1,'center',NULL,0,NULL,0,0,NULL,NULL,NULL),(120,'qinyoyo.cg_form_field_cgFormField',80,'orderNum',0,0,0,1,'right',NULL,0,NULL,0,1,NULL,NULL,NULL),(121,'qinyoyo.cg_form_field_cgFormField',10,'entityField',1,0,0,1,'left',NULL,0,NULL,0,1,NULL,NULL,NULL),(122,'qinyoyo.cg_form_field_cgFormField',20,'width',0,0,0,1,'right',NULL,0,NULL,0,1,NULL,NULL,NULL),(125,'qinyoyo.pay_time_project_ewTimeProject',70,'startTime',0,0,0,1,'center',NULL,0,NULL,0,0,NULL,NULL,NULL),(126,'qinyoyo.pay_time_project_ewTimeProject',80,'endTime',0,0,0,1,'center',NULL,0,NULL,0,0,NULL,NULL,NULL),(171,'qinyoyo.cg_list_field_cgListField',30,'orderNum',0,0,0,1,'right',NULL,0,NULL,0,1,NULL,NULL,NULL),(172,'qinyoyo.cg_list_field_cgListField',20,'entityField',1,0,0,1,'left',NULL,0,NULL,0,1,NULL,NULL,NULL),(173,'qinyoyo.cg_list_field_cgListField',40,'queryMode',0,0,0,1,'right',NULL,0,NULL,0,1,NULL,NULL,NULL),(177,'qinyoyo.cg_list_field_cgListField',50,'align',0,0,0,1,'left',NULL,0,NULL,0,1,NULL,NULL,NULL),(179,'qinyoyo.pay_operator_payOperator',50,'userNo',0,0,0,1,'left',NULL,0,NULL,0,0,NULL,NULL,NULL),(181,'qinyoyo.sys_oauth_client_details_oauthClientDetails',20,'clientId',0,0,0,1,'left',NULL,0,NULL,0,1,NULL,NULL,NULL),(183,'qinyoyo.sys_oauth_client_details_oauthClientDetails',40,'scope',0,0,0,1,'left',NULL,0,NULL,0,1,NULL,NULL,NULL),(184,'qinyoyo.sys_oauth_client_details_oauthClientDetails',10,'authorizedGrantTypes',0,0,0,1,'left',NULL,0,NULL,0,1,NULL,NULL,NULL),(185,'qinyoyo.sys_oauth_client_details_oauthClientDetails',50,'authorities',0,0,0,1,'left',NULL,0,NULL,0,1,NULL,NULL,NULL),(188,'qinyoyo.sys_oauth_client_details_oauthClientDetails',90,'decription',0,0,0,1,'left',NULL,0,NULL,0,1,NULL,NULL,NULL),(189,'qinyoyo.pm_project_pmProject',20,'flowState',1,0,0,1,'left',NULL,0,NULL,0,0,NULL,NULL,NULL),(190,'qinyoyo.pm_project_pmProject',40,'flowRegisterTime',0,0,0,1,'center',NULL,0,NULL,0,0,NULL,NULL,NULL),(194,'qinyoyo.pm_project_pmProject',30,'type',1,0,0,1,'left',NULL,0,NULL,0,0,NULL,NULL,NULL),(195,'qinyoyo.pm_project_pmProject',10,'name',1,0,0,1,'left',NULL,0,NULL,0,0,NULL,NULL,NULL),(197,'qinyoyo.pay_count_project_ewCountProject',20,'icon',0,0,0,1,'left',NULL,0,NULL,0,0,NULL,NULL,NULL),(198,'qinyoyo.pay_time_project_ewTimeProject',20,'icon',0,0,0,1,'left',NULL,0,NULL,0,0,NULL,NULL,NULL),(200,'qinyoyo.cg_field_cgField',20,'name',1,0,0,1,'left',NULL,0,NULL,0,1,NULL,NULL,NULL),(201,'qinyoyo.cg_field_cgField',10,'entityName',1,0,0,1,'left',NULL,0,NULL,0,1,NULL,NULL,NULL),(202,'qinyoyo.cg_button_cgButton',30,'orderNum',0,0,0,1,'right',NULL,0,NULL,1,1,NULL,NULL,NULL),(203,'qinyoyo.cg_button_cgButton',40,'action',0,0,0,1,'left',NULL,0,NULL,0,1,NULL,NULL,NULL),(204,'qinyoyo.cg_button_cgButton',50,'title',0,0,0,1,'left',NULL,0,NULL,0,1,NULL,NULL,NULL),(205,'qinyoyo.cg_button_cgButton',60,'icon',0,0,0,1,'left',NULL,0,NULL,0,1,NULL,NULL,NULL),(206,'qinyoyo.cg_button_cgButton',70,'appendClass',0,0,0,1,'left',NULL,0,NULL,0,1,NULL,NULL,NULL),(207,'qinyoyo.cg_button_cgButton',110,'displayProperties',0,0,0,1,'left',NULL,0,NULL,0,1,NULL,NULL,NULL),(208,'qinyoyo.cg_button_cgButton',90,'actionProperty',0,0,0,1,'left',NULL,0,NULL,0,1,NULL,NULL,NULL),(209,'qinyoyo.cg_button_cgButton',100,'rowProperty',0,0,0,1,'left',NULL,0,NULL,0,1,NULL,NULL,NULL),(219,'qinyoyo.cg_field_cgField',30,'title',1,0,0,1,'left',NULL,0,NULL,0,1,NULL,NULL,NULL),(220,'qinyoyo.dev_org_devOrg',30,'name',0,0,0,1,'left',NULL,300,NULL,0,0,NULL,NULL,NULL),(244,'qinyoyo.ad_special_shift_adSpecialShift',28,'modeProperty',0,0,0,1,'left',NULL,0,NULL,0,0,NULL,NULL,NULL),(245,'qinyoyo.cg_field_cgField',70,'keyType',0,0,0,1,'left',NULL,0,NULL,0,1,NULL,NULL,NULL),(249,'qinyoyo.sys_action_action',20,'value',1,0,0,1,'left',NULL,0,NULL,0,0,NULL,NULL,NULL),(250,'qinyoyo.sys_action_action',30,'params',1,0,0,1,'left',NULL,0,NULL,0,0,NULL,NULL,NULL),(251,'qinyoyo.sys_action_action',40,'method',1,0,0,1,'left',NULL,0,NULL,0,0,NULL,NULL,NULL),(252,'qinyoyo.sys_action_action',10,'note',1,0,0,1,'left',NULL,0,NULL,0,1,NULL,NULL,NULL),(254,'qinyoyo.sys_data_dict_dataDict',20,'dict',1,0,0,1,'left',NULL,0,NULL,0,1,NULL,NULL,NULL),(255,'qinyoyo.sys_data_dict_dataDict',30,'code',1,0,0,1,'left',NULL,0,NULL,0,1,NULL,NULL,NULL),(256,'qinyoyo.sys_data_dict_dataDict',40,'text',1,0,0,1,'left',NULL,0,NULL,0,1,NULL,'',NULL),(257,'qinyoyo.sys_data_dict_dataDict',50,'orderNum',0,0,0,1,'right',NULL,0,NULL,0,1,NULL,NULL,NULL),(258,'qinyoyo.sys_log_sysLog',10,'time',1,0,0,1,'center',NULL,0,NULL,0,0,NULL,NULL,NULL),(262,'qinyoyo.sys_log_sysLog',50,'note',1,0,0,1,'left',NULL,0,NULL,0,0,NULL,NULL,NULL),(263,'qinyoyo.sys_menu_menu',20,'name',1,0,0,1,'left',NULL,200,NULL,0,1,NULL,'',NULL),(264,'qinyoyo.sys_menu_menu',50,'action',1,0,0,1,'left',NULL,0,NULL,0,1,NULL,NULL,'text'),(265,'qinyoyo.sys_org_org',10,'orgCode',0,0,0,1,'right',NULL,0,NULL,1,0,NULL,NULL,NULL),(266,'qinyoyo.sys_org_org',20,'name',1,0,0,1,'left',NULL,200,NULL,0,1,NULL,NULL,NULL),(267,'qinyoyo.sys_org_org',40,'parent',0,0,0,1,'left',NULL,0,NULL,1,1,NULL,NULL,NULL),(268,'qinyoyo.sys_org_org',50,'phone',1,0,0,1,'left',NULL,0,NULL,0,1,NULL,NULL,NULL),(269,'qinyoyo.sys_org_org',60,'fax',0,0,0,1,'left',NULL,0,NULL,0,1,NULL,NULL,NULL),(270,'qinyoyo.sys_org_org',70,'roleList',0,0,0,1,'left',NULL,0,NULL,0,0,NULL,NULL,NULL),(271,'qinyoyo.sys_role_role',20,'code',1,0,0,1,'left',NULL,100,NULL,0,1,NULL,NULL,NULL),(272,'qinyoyo.sys_role_role',30,'name',1,0,0,1,'left',NULL,120,NULL,0,1,NULL,NULL,NULL),(273,'qinyoyo.sys_role_role',40,'note',0,0,0,1,'left',NULL,200,NULL,0,1,NULL,NULL,NULL),(274,'qinyoyo.sys_user_user',30,'name',1,0,0,1,'left',NULL,0,NULL,0,1,NULL,NULL,NULL),(275,'qinyoyo.sys_user_user',40,'realName',1,0,0,1,'left',NULL,0,NULL,0,1,NULL,NULL,NULL),(276,'qinyoyo.sys_user_user',50,'sex',1,0,0,1,'left',NULL,0,NULL,0,1,NULL,NULL,NULL),(277,'qinyoyo.sys_user_user',60,'mobilePhone',1,0,0,1,'left',NULL,0,NULL,0,1,NULL,NULL,NULL),(279,'qinyoyo.sys_user_user',10,'orgCode',1,0,0,1,'left',NULL,0,'v-if=\"!fixedQueryRecord.orgCode\"',0,1,NULL,NULL,NULL),(280,'qinyoyo.sys_user_user',70,'email',0,0,0,1,'left',NULL,0,NULL,0,1,NULL,NULL,NULL),(281,'qinyoyo.sys_user_user',130,'wechatOpenid',0,0,0,1,'center',NULL,0,NULL,0,0,NULL,NULL,NULL),(282,'qinyoyo.sys_user_user',120,'regTime',0,0,0,1,'center',NULL,0,NULL,0,0,NULL,NULL,NULL),(285,'qinyoyo.sys_user_user',20,'icon',0,0,0,1,'left',NULL,0,NULL,0,0,NULL,NULL,NULL),(286,'qinyoyo.sys_user_user',100,'birthDate',1,0,0,1,'center',NULL,0,NULL,0,1,NULL,NULL,NULL),(287,'qinyoyo.sys_menu_menu',10,'sortNum',0,0,0,1,'right',NULL,0,NULL,0,1,NULL,NULL,NULL),(288,'qinyoyo.sys_menu_menu',30,'isDivider',0,0,0,1,'center',NULL,0,NULL,0,1,NULL,NULL,NULL),(290,'qinyoyo.ad_exception_adException',30,'startDate',0,0,0,1,'center',NULL,0,NULL,0,0,NULL,NULL,NULL),(291,'qinyoyo.ad_exception_adException',40,'endDate',0,0,0,1,'center',NULL,0,NULL,0,0,NULL,NULL,NULL),(292,'qinyoyo.ad_exception_adException',50,'weekDay',0,0,0,1,'left',NULL,0,NULL,0,0,NULL,NULL,NULL),(293,'qinyoyo.cg_table_cgTable',50,'code',1,0,0,1,'left',NULL,0,NULL,0,1,NULL,NULL,NULL),(294,'qinyoyo.ad_shift_adShift',20,'name',0,0,0,1,'left',NULL,0,NULL,0,0,NULL,NULL,NULL),(295,'qinyoyo.ad_shift_adShift',30,'startDate',0,0,0,1,'center',NULL,0,NULL,0,0,NULL,NULL,NULL),(296,'qinyoyo.ad_shift_adShift',40,'endDate',0,0,0,1,'center',NULL,0,NULL,0,0,NULL,NULL,NULL),(297,'qinyoyo.cg_table_cgTable',70,'name',1,0,0,1,'left',NULL,0,NULL,0,1,NULL,NULL,NULL),(298,'qinyoyo.ad_shift_adShift',60,'minutesPerDay',0,0,0,1,'right',NULL,0,NULL,0,0,NULL,NULL,NULL),(299,'qinyoyo.ad_shift_time_adShiftTime',30,'weekDays',0,0,0,1,'left',NULL,0,NULL,0,0,NULL,NULL,NULL),(300,'qinyoyo.ad_shift_time_adShiftTime',40,'startWorkTime',0,0,0,1,'center',NULL,0,NULL,0,0,NULL,NULL,NULL),(301,'qinyoyo.ad_shift_time_adShiftTime',50,'endWorkTime',0,0,0,1,'center',NULL,0,NULL,0,0,NULL,NULL,NULL),(302,'qinyoyo.cg_table_cgTable',60,'title',0,0,0,1,'left',NULL,0,NULL,0,1,NULL,NULL,NULL),(306,'qinyoyo.sys_message_message',30,'title',1,0,0,1,'left',NULL,0,NULL,0,0,NULL,NULL,NULL),(307,'qinyoyo.sys_message_message',40,'content',1,0,0,1,'left',NULL,0,NULL,0,0,NULL,NULL,NULL),(308,'qinyoyo.sys_message_message',15,'senderName',1,0,0,1,'left',NULL,0,NULL,0,0,NULL,NULL,NULL),(309,'qinyoyo.sys_message_message',11,'readTime',1,0,0,1,'center',NULL,0,NULL,0,0,NULL,NULL,NULL),(310,'qinyoyo.sys_message_message',12,'createTime',1,0,0,1,'center',NULL,0,NULL,0,0,NULL,NULL,NULL),(311,'qinyoyo.ad_special_shift_adSpecialShift',20,'shiftMode',0,0,0,1,'left',NULL,0,NULL,0,0,NULL,NULL,NULL),(312,'qinyoyo.ad_special_shift_adSpecialShift',30,'startDate',1,0,0,1,'center',NULL,0,NULL,0,0,NULL,NULL,NULL),(313,'qinyoyo.ad_special_shift_adSpecialShift',40,'endDate',0,0,0,1,'center',NULL,0,NULL,0,0,NULL,NULL,NULL),(314,'qinyoyo.ad_special_shift_time_adSpecialShiftTime',30,'startTime',0,0,0,1,'center',NULL,0,NULL,0,0,NULL,NULL,NULL),(315,'qinyoyo.ad_special_shift_time_adSpecialShiftTime',40,'endTime',0,0,0,1,'center',NULL,0,NULL,0,0,NULL,NULL,NULL),(319,'qinyoyo.ad_org_adOrg',50,'manageLimit',0,0,0,1,'right',NULL,0,NULL,0,1,NULL,NULL,NULL),(322,'qinyoyo.ad_employee_adEmployee',40,'emLevel',0,0,0,1,'right',NULL,0,NULL,0,1,NULL,NULL,NULL),(324,'qinyoyo.ad_org_adOrg',60,'deviation',0,0,0,1,'right',NULL,0,NULL,0,1,NULL,NULL,NULL),(325,'qinyoyo.ad_org_adOrg',70,'floatLimit',0,0,0,1,'right',NULL,0,NULL,0,1,NULL,NULL,NULL),(326,'qinyoyo.ad_org_adOrg',80,'absentLimit',0,0,0,1,'right',NULL,0,NULL,0,1,NULL,NULL,NULL),(327,'qinyoyo.ad_org_adOrg',90,'freeWorkLimit',0,0,0,1,'right',NULL,0,NULL,0,1,NULL,NULL,NULL),(328,'qinyoyo.ad_shift_adShift',80,'description',0,0,0,1,'left',NULL,0,NULL,0,0,NULL,NULL,NULL),(329,'qinyoyo.ad_employee_adEmployee',50,'isAttendance',1,0,0,1,'center',NULL,0,NULL,0,1,NULL,NULL,NULL),(330,'qinyoyo.ad_exception_adException',70,'description',0,0,0,1,'left',NULL,0,NULL,0,0,NULL,NULL,NULL),(331,'qinyoyo.ad_employee_adEmployee',30,'employeeNo',1,0,0,1,'left',NULL,0,NULL,0,1,NULL,NULL,NULL),(332,'qinyoyo.ad_special_shift_adSpecialShift',25,'name',0,0,0,1,'left',NULL,0,NULL,0,0,NULL,NULL,NULL),(349,'qinyoyo.ad_shift_adShift',25,'adMode',0,0,0,1,'left',NULL,0,NULL,0,0,NULL,NULL,NULL),(350,'qinyoyo.ad_data_adData',60,'recType',1,0,0,1,'left',NULL,0,NULL,0,0,NULL,NULL,NULL),(351,'qinyoyo.ad_data_adData',80,'recSource',1,0,0,1,'left',NULL,0,NULL,0,0,NULL,NULL,NULL),(355,'qinyoyo.ad_shift_time_adShiftTime',25,'name',0,0,0,1,'left',NULL,0,NULL,0,0,NULL,NULL,NULL),(356,'qinyoyo.ad_special_shift_time_adSpecialShiftTime',25,'name',0,0,0,1,'left',NULL,0,NULL,0,0,NULL,NULL,NULL),(358,'qinyoyo.ad_day_result_adDayResult',50,'realName',0,0,0,1,'left',NULL,0,NULL,0,0,NULL,NULL,NULL),(359,'qinyoyo.ad_day_result_adDayResult',60,'adDate',1,0,0,1,'center',NULL,0,NULL,0,0,'[time.startOf(time.dateAdd(new Date(),-1,\'day\'),\'day\'),time.endOf(time.dateAdd(new Date(),-1,\'day\'))]',NULL,NULL),(360,'qinyoyo.ad_day_result_adDayResult',70,'shiftName',0,0,0,1,'left',NULL,0,NULL,0,0,NULL,NULL,NULL),(361,'qinyoyo.ad_day_result_adDayResult',80,'stateName',0,0,0,1,'left',NULL,0,NULL,0,0,NULL,NULL,NULL),(362,'qinyoyo.ad_day_result_adDayResult',90,'times',0,0,0,1,'right',NULL,0,NULL,0,0,NULL,NULL,NULL),(363,'qinyoyo.ad_day_result_adDayResult',100,'minutes',0,0,0,1,'right',NULL,0,NULL,0,0,NULL,NULL,NULL),(364,'qinyoyo.ad_day_result_adDayResult',110,'workMinutes',0,0,0,1,'right',NULL,0,NULL,0,0,NULL,NULL,NULL),(365,'qinyoyo.ad_day_result_adDayResult',20,'orgName',0,0,0,1,'left',NULL,0,NULL,0,0,NULL,NULL,NULL),(366,'qinyoyo.ad_employee_adEmployee',60,'enterDate',0,0,0,1,'center',NULL,0,NULL,0,1,NULL,NULL,NULL),(367,'qinyoyo.ad_employee_adEmployee',70,'leaveDate',0,0,0,1,'center',NULL,0,NULL,0,1,NULL,NULL,NULL),(368,'qinyoyo.sys_task_task',20,'name',0,0,0,1,'left',NULL,0,NULL,0,0,NULL,NULL,NULL),(369,'qinyoyo.sys_task_task',30,'description',0,0,0,1,'left',NULL,0,NULL,0,0,NULL,NULL,NULL),(370,'qinyoyo.sys_task_task',100,'className',0,0,0,1,'left',NULL,0,NULL,0,0,NULL,NULL,NULL),(371,'qinyoyo.sys_task_task',110,'mothodName',0,0,0,1,'left',NULL,0,NULL,0,0,NULL,NULL,NULL),(373,'qinyoyo.sys_log_sysLog',20,'keyword',1,0,0,1,'left',NULL,0,NULL,0,0,NULL,NULL,NULL),(374,'qinyoyo.sys_task_task',140,'isRunning',0,0,0,1,'center',NULL,0,NULL,0,0,NULL,'          <i :class=\"scope.row.isRunning?\'fa fa-play\':\'fa fa-pause\'\" />',NULL),(375,'qinyoyo.sys_task_task',15,'run',0,0,0,1,'left',NULL,0,NULL,0,0,NULL,NULL,NULL),(376,'qinyoyo.sys_flow_process_flowProcess',50,'operator',0,0,0,1,'left',NULL,0,NULL,0,0,NULL,NULL,NULL),(377,'qinyoyo.sys_flow_process_flowProcess',110,'nextOperator',0,0,0,1,'left',NULL,0,NULL,0,0,NULL,NULL,NULL),(378,'qinyoyo.sys_flow_process_flowProcess',30,'operation',0,0,0,1,'left',NULL,0,NULL,0,0,NULL,NULL,NULL),(379,'qinyoyo.sys_flow_process_flowProcess',40,'selection',0,0,0,1,'left',NULL,0,NULL,0,0,NULL,NULL,NULL),(380,'qinyoyo.sys_flow_process_flowProcess',60,'time',0,0,0,1,'center',NULL,0,NULL,0,0,NULL,NULL,NULL),(381,'qinyoyo.sys_flow_process_flowProcess',46,'stateName0',0,0,0,1,'left',NULL,0,NULL,0,0,NULL,NULL,NULL),(382,'qinyoyo.sys_flow_process_flowProcess',49,'stateName1',0,0,0,1,'left',NULL,0,NULL,0,0,NULL,NULL,NULL),(383,'qinyoyo.sys_user_user',110,'roleList',1,0,0,1,'left',NULL,0,NULL,0,0,NULL,NULL,NULL),(384,'qinyoyo.sys_user_user',90,'idType',1,0,0,1,'left',NULL,0,NULL,0,0,NULL,NULL,NULL),(386,'qinyoyo.sys_user_userJoin',20,'realName',1,0,0,1,'left',NULL,128,NULL,0,0,NULL,NULL,NULL),(387,'qinyoyo.sys_user_userJoin',30,'sex',1,0,0,1,'left',NULL,128,NULL,0,0,NULL,NULL,NULL),(388,'qinyoyo.sys_user_userJoin',40,'mobilePhone',1,0,0,1,'left',NULL,128,NULL,0,0,NULL,NULL,NULL),(389,'qinyoyo.sys_user_userJoin',10,'orgCode',1,0,0,1,'left',NULL,128,NULL,0,0,NULL,NULL,NULL),(396,'qinyoyo.ad_special_shift_adSpecialShift',10,'id',0,0,0,0,'left','left',0,NULL,1,0,NULL,NULL,NULL),(398,'qinyoyo.cg_form_cgForm',30,'name',1,0,0,0,'left','left',0,NULL,0,0,NULL,NULL,NULL),(403,'qinyoyo.dev_org_devOrg',10,'orgCode',1,0,0,0,'left','left',0,NULL,1,0,NULL,NULL,NULL),(410,'qinyoyo.cg_table_cgTable',20,'id',0,0,0,0,'left','left',0,NULL,1,1,NULL,NULL,NULL),(413,'qinyoyo.ad_shift_adShift',10,'shiftId',0,0,0,0,'left','left',0,NULL,1,0,NULL,NULL,NULL),(414,'qinyoyo.ad_special_shift_adSpecialShift',10,'specialShiftId',0,0,0,0,'left','left',0,NULL,1,0,NULL,NULL,NULL),(415,'qinyoyo.cg_form_cgForm',40,'formName',1,0,0,0,'left','left',0,NULL,1,0,NULL,NULL,NULL),(416,'qinyoyo.cg_list_cgList',20,'listName',1,0,0,0,'left','left',0,NULL,1,0,NULL,NULL,NULL),(417,'qinyoyo.cg_table_cgTable',10,'tableId',0,0,0,0,'left','left',0,NULL,1,1,NULL,NULL,NULL),(420,'qinyoyo.pm_people_group_pmPeopleGroup',50,'groupId',0,0,0,0,'left','left',0,NULL,1,0,NULL,NULL,NULL),(449,'qinyoyo.cg_list_cgList',60,'pagination',0,0,0,1,'left',NULL,0,NULL,0,1,NULL,NULL,NULL),(453,'qinyoyo.cg_list_cgList',30,'name',1,0,0,1,'left',NULL,0,NULL,0,1,NULL,NULL,NULL),(456,'qinyoyo.cg_list_cgList',40,'headTitle',0,0,0,1,'left',NULL,0,NULL,0,1,NULL,NULL,NULL),(457,'qinyoyo.cg_list_cgList',50,'tagTitle',0,0,0,1,'left',NULL,0,NULL,0,1,NULL,NULL,NULL),(458,'qinyoyo.cg_list_cgList',70,'editInline',0,0,0,1,'left',NULL,0,NULL,0,1,NULL,NULL,NULL),(467,'qinyoyo.cg_list_cgList',80,'tableHeight',0,0,0,1,'left',NULL,0,NULL,0,1,NULL,NULL,NULL),(470,'qinyoyo.cg_list_cgList',90,'sortField',0,0,0,1,'left',NULL,0,NULL,0,1,NULL,NULL,NULL),(476,'qinyoyo.cg_list_cgList',100,'multiple',0,0,0,1,'left',NULL,0,NULL,0,1,NULL,NULL,NULL),(482,'qinyoyo.cg_list_field_cgListField',60,'hidden',0,0,0,1,'left',NULL,0,NULL,0,1,NULL,NULL,NULL),(483,'qinyoyo.cg_list_field_cgListField',70,'editInline',0,0,0,1,'left',NULL,0,NULL,0,1,NULL,NULL,NULL),(485,'qinyoyo.cg_form_field_cgFormField',40,'mustInput',0,0,0,1,'left',NULL,0,NULL,0,1,NULL,NULL,NULL),(486,'qinyoyo.cg_form_field_cgFormField',30,'readonly',0,0,0,1,'left',NULL,0,NULL,0,1,NULL,NULL,NULL),(487,'qinyoyo.cg_form_field_cgFormField',70,'groupTitle',0,0,0,1,'left',NULL,0,NULL,0,1,NULL,NULL,NULL),(488,'qinyoyo.cg_form_field_cgFormField',50,'hidden',0,0,0,1,'left',NULL,0,NULL,0,1,NULL,NULL,NULL),(490,'qinyoyo.cg_list_cgList',10,'tableId',1,0,0,1,'left',NULL,0,NULL,1,0,NULL,NULL,NULL),(493,'qinyoyo.cg_list_cgListJoin',30,'tableId',0,0,0,1,'left',NULL,0,NULL,0,0,NULL,NULL,NULL),(494,'qinyoyo.cg_list_cgListJoin',10,'headTitle',0,0,0,1,'left',NULL,0,NULL,0,0,NULL,NULL,NULL),(495,'qinyoyo.cg_list_cgListJoin',20,'name',0,0,0,1,'left',NULL,0,NULL,0,0,NULL,NULL,NULL),(511,'qinyoyo.cg_list_field_cgListField',35,'width',0,0,0,1,'left',NULL,0,NULL,0,1,NULL,NULL,NULL),(512,'qinyoyo.cg_list_cgList',10,'id',0,0,0,0,'left','left',0,NULL,1,0,NULL,NULL,NULL),(513,'qinyoyo.cg_list_cgList',10,'listId',0,0,0,0,'left','left',0,NULL,1,0,NULL,NULL,NULL),(514,'qinyoyo.cg_form_cgForm',10,'id',0,0,0,0,'left','left',0,NULL,1,0,NULL,NULL,NULL),(515,'qinyoyo.cg_form_cgForm',20,'formId',0,0,0,0,'left','left',0,NULL,1,0,NULL,NULL,NULL),(516,'qinyoyo.cg_project_cgProject',30,'name',0,0,0,1,'left',NULL,120,NULL,0,0,NULL,NULL,NULL),(518,'qinyoyo.cg_project_cgProject',50,'note',0,0,0,1,'left',NULL,500,NULL,0,0,NULL,NULL,NULL),(519,'qinyoyo.cg_table_cgTable',30,'project',0,0,0,1,'left',NULL,0,NULL,1,1,NULL,NULL,NULL),(520,'qinyoyo.cg_table_cgTable',40,'module',2,0,0,1,'left',NULL,0,NULL,0,1,NULL,NULL,NULL),(522,'qinyoyo.cg_project_cgProject',40,'groupId',0,0,0,1,'left',NULL,120,NULL,0,0,NULL,NULL,NULL),(523,'qinyoyo.sys_menu_menu',40,'mobileHidden',0,0,0,1,'left',NULL,0,NULL,0,1,NULL,NULL,NULL),(593,'qinyoyo.ad_data_adData',90,'recTime',0,0,0,1,'left',NULL,0,NULL,1,0,NULL,NULL,NULL),(594,'qinyoyo.ad_data_adData',50,'dateTime',0,0,0,1,'left',NULL,0,NULL,0,0,NULL,NULL,NULL),(595,'qinyoyo.ad_data_adData',10,'dateDate',1,0,0,1,'left',NULL,0,NULL,0,0,'this.timeRange(\'this month\')',NULL,NULL),(596,'qinyoyo.ad_adjust_adjust',90,'registerTime',0,0,0,1,'left',NULL,0,NULL,1,0,NULL,NULL,NULL),(597,'qinyoyo.ad_adjust_adjust',30,'orgCode',1,0,0,1,'left',NULL,0,NULL,0,0,NULL,NULL,NULL),(598,'qinyoyo.ad_adjust_adjust',40,'state',1,0,0,1,'left',NULL,0,NULL,0,0,NULL,NULL,NULL),(599,'qinyoyo.ad_adjust_adjust',10,'adjustType',1,0,0,1,'left',NULL,0,NULL,0,0,NULL,NULL,NULL),(601,'qinyoyo.ad_adjust_adjust',70,'startTime',1,0,0,1,'left',NULL,0,NULL,0,0,NULL,NULL,NULL),(602,'qinyoyo.ad_adjust_adjust',80,'endTime',0,0,0,1,'left',NULL,0,NULL,0,0,NULL,NULL,NULL),(604,'qinyoyo.ad_day_result_adDayResult',10,'orgCode',1,0,0,1,'left',NULL,0,NULL,1,0,NULL,NULL,NULL),(610,'qinyoyo.ad_employee_adEmployeeJoin',30,'employeeNo',0,0,0,1,'left',NULL,0,NULL,0,0,NULL,NULL,NULL),(650,'qinyoyo.cg_field_cgField',50,'type',0,0,0,1,'left',NULL,0,NULL,0,1,NULL,NULL,NULL),(651,'qinyoyo.cg_field_cgField',80,'isNull',0,0,0,1,'left',NULL,0,NULL,0,1,NULL,NULL,NULL),(652,'qinyoyo.cg_field_cgField',90,'defaultValue',0,0,0,1,'left',NULL,0,NULL,0,1,NULL,NULL,NULL),(653,'qinyoyo.cg_field_cgField',60,'length',0,0,0,1,'left',NULL,0,NULL,0,1,NULL,NULL,NULL),(658,'qinyoyo.pm_project_pmProject',50,'customer',1,0,0,1,'left',NULL,0,NULL,0,0,NULL,NULL,NULL),(659,'qinyoyo.sys_oauth_client_details_oauthClientDetails',30,'secret',0,0,0,1,'left',NULL,0,NULL,0,0,NULL,NULL,NULL),(661,'qinyoyo.sys_oauth_client_details_oauthClientDetails',80,'webServerRedirectUri',0,0,0,1,'left',NULL,0,NULL,0,0,NULL,NULL,NULL),(662,'qinyoyo.sys_oauth_client_details_oauthClientDetails',60,'accessTokenValidity',0,0,0,1,'left',NULL,0,NULL,0,0,NULL,NULL,NULL),(681,'qinyoyo.cg_form_field_cgFormField',60,'validateAsTitle',0,0,0,1,'left',NULL,0,NULL,0,1,NULL,NULL,NULL),(684,'qinyoyo.cg_field_cgField',40,'showType',0,0,0,1,'left',NULL,0,NULL,0,0,NULL,NULL,NULL),(686,'qinyoyo.pay_user_time_ewUserTime',80,'endTime',0,0,0,1,'left',NULL,0,NULL,0,0,NULL,NULL,NULL),(687,'qinyoyo.pay_user_time_ewUserTime',70,'startTime',0,0,0,1,'left',NULL,0,NULL,0,0,NULL,NULL,NULL),(688,'qinyoyo.ad_org_adOrg',30,'parent',0,0,0,1,'left',NULL,0,NULL,1,0,NULL,NULL,NULL),(689,'qinyoyo.ad_org_adOrg',20,'name',0,0,0,1,'left',NULL,200,NULL,0,0,NULL,NULL,NULL),(690,'qinyoyo.ad_org_adOrg',10,'orgCode',0,0,0,0,'left','left',0,NULL,1,0,NULL,NULL,NULL),(692,'qinyoyo.ad_org_adOrg',100,'managerName',0,0,0,1,'left',NULL,0,NULL,0,0,NULL,NULL,NULL),(693,'qinyoyo.ad_org_adOrg',40,'shiftId',0,0,0,1,'left',NULL,0,NULL,0,1,NULL,NULL,NULL),(696,'qinyoyo.ad_org_adOrg',300,'hrName',0,0,0,1,'left',NULL,0,NULL,0,0,NULL,NULL,NULL),(697,'qinyoyo.ad_org_adOrg',300,'sysOrgCode',0,0,0,1,'left',NULL,0,NULL,1,0,NULL,NULL,NULL),(698,'qinyoyo.ad_org_adOrg',330,'managerOrgCode',0,0,0,1,'left',NULL,0,NULL,1,0,NULL,NULL,NULL),(699,'qinyoyo.ad_org_adOrg',310,'hr',0,0,0,1,'left',NULL,0,NULL,1,0,NULL,NULL,NULL),(700,'qinyoyo.ad_org_adOrg',320,'manager',0,0,0,1,'left',NULL,0,NULL,1,0,NULL,NULL,NULL),(701,'qinyoyo.sys_user_userJoin',320,'birthDate',0,0,0,1,'left',NULL,0,NULL,1,0,NULL,NULL,NULL),(702,'qinyoyo.sys_user_userJoin',300,'id',0,0,0,1,'left',NULL,0,NULL,1,0,NULL,NULL,NULL),(703,'qinyoyo.sys_user_userJoin',310,'name',0,0,0,1,'left',NULL,0,NULL,1,0,NULL,NULL,NULL),(704,'qinyoyo.pm_people_pmPeople',60,'mobilePhone',0,0,0,1,'left',NULL,0,NULL,0,0,NULL,NULL,NULL),(705,'qinyoyo.pm_people_pmPeople',50,'orgCode',0,0,0,1,'left',NULL,0,NULL,0,0,NULL,NULL,NULL),(707,'qinyoyo.pm_people_pmPeople',40,'sex',0,0,0,1,'left',NULL,0,NULL,0,0,NULL,NULL,NULL),(708,'qinyoyo.pm_people_pmPeople',30,'realName',0,0,0,1,'left',NULL,0,NULL,0,0,NULL,NULL,NULL),(711,'qinyoyo.pm_people_pmPeople',10,'groupId',0,0,0,1,'left',NULL,0,NULL,1,0,NULL,NULL,NULL),(713,'qinyoyo.pm_people_pmPeople',20,'userId',0,0,0,1,'left',NULL,0,NULL,1,0,NULL,NULL,NULL),(714,'qinyoyo.ad_employee_adEmployee',110,'birthDate',0,0,0,1,'left',NULL,0,NULL,1,0,NULL,NULL,NULL),(715,'qinyoyo.ad_employee_adEmployee',100,'orgCode',0,0,0,1,'left',NULL,0,NULL,1,0,NULL,NULL,NULL),(717,'qinyoyo.ad_employee_adEmployee',20,'sex',1,0,0,1,'left',NULL,0,NULL,0,0,NULL,NULL,NULL),(718,'qinyoyo.ad_employee_adEmployee',10,'realName',1,0,0,1,'left',NULL,0,NULL,0,0,NULL,NULL,NULL),(719,'qinyoyo.ad_employee_adEmployeeJoin',20,'orgCode',0,0,0,1,'left',NULL,0,NULL,0,0,NULL,NULL,NULL),(720,'qinyoyo.ad_employee_adEmployeeJoin',10,'realName',0,0,0,1,'left',NULL,0,NULL,0,0,NULL,NULL,NULL),(721,'qinyoyo.pm_people_group_pmPeopleGroup',40,'id',0,0,0,1,'left',NULL,0,NULL,1,0,NULL,NULL,NULL),(723,'qinyoyo.cg_project_cgProject',20,'code',0,0,0,1,'left',NULL,0,NULL,1,0,NULL,NULL,NULL),(724,'qinyoyo.pay_operator_payOperator',10,'id',0,0,0,1,'left',NULL,0,NULL,1,0,NULL,NULL,NULL),(726,'qinyoyo.cg_project_cgProject',10,'id',0,0,0,1,'left',NULL,0,NULL,1,0,NULL,NULL,NULL),(731,'qinyoyo.ad_data_adData',30,'employeeNo',0,0,0,1,'left',NULL,0,NULL,0,0,NULL,NULL,NULL),(732,'qinyoyo.ad_data_adData',40,'realName',1,0,0,1,'left',NULL,100,NULL,0,0,NULL,NULL,NULL),(736,'qinyoyo.ad_data_adData',20,'orgCode',0,0,0,1,'left',NULL,200,NULL,0,0,NULL,NULL,NULL),(737,'qinyoyo.ad_adjust_adjust',20,'realName',0,0,0,1,'left',NULL,0,NULL,0,0,NULL,NULL,NULL),(744,'qinyoyo.ad_adjust_adjust',50,'hrRealName',0,0,0,1,'left',NULL,0,NULL,0,0,NULL,NULL,NULL),(745,'qinyoyo.ad_adjust_adjust',60,'approverName',0,0,0,1,'left',NULL,0,NULL,0,0,NULL,NULL,NULL),(748,'qinyoyo.sys_log_sysLog',30,'userType',0,0,0,1,'left',NULL,0,NULL,0,0,NULL,NULL,NULL),(749,'qinyoyo.sys_log_sysLog',40,'userInfo',0,0,0,1,'left',NULL,0,NULL,0,0,NULL,NULL,NULL),(750,'qinyoyo.pm_version_application_pmVersionApplication',30,'registerByName',0,0,0,1,'left',NULL,0,NULL,0,0,NULL,NULL,NULL),(752,'qinyoyo.pm_project_pmProject',300,'registerByName',0,0,0,1,'left',NULL,0,NULL,0,0,NULL,NULL,NULL),(753,'qinyoyo.pm_project_pmProject',310,'nextOperatorName',0,0,0,1,'left',NULL,0,NULL,0,0,NULL,NULL,NULL),(759,'qinyoyo.ad_data_adData',70,'recSourceType',1,0,0,1,'left',NULL,0,NULL,0,0,NULL,NULL,NULL),(763,'qinyoyo.ad_day_result_adDayResult',30,'employeeNo',0,0,0,1,'left',NULL,0,NULL,0,0,NULL,NULL,NULL),(764,'qinyoyo.ad_day_result_adDayResult',40,'employeeNoAdEmployeeRealName',1,0,0,1,'left',NULL,0,NULL,1,0,NULL,NULL,NULL);
/*!40000 ALTER TABLE `cg_list_field` ENABLE KEYS */;
UNLOCK TABLES;

--
-- Table structure for table `cg_project`
--

DROP TABLE IF EXISTS `cg_project`;
/*!40101 SET @saved_cs_client     = @@character_set_client */;
/*!40101 SET character_set_client = utf8 */;
CREATE TABLE `cg_project` (
  `id` varchar(36) NOT NULL COMMENT 'id',
  `code` varchar(10) NOT NULL COMMENT '代码',
  `creator` varchar(36) NOT NULL COMMENT '创建人',
  `group_id` varchar(45) NOT NULL DEFAULT 'top.iotequ' COMMENT '组织机构',
  `name` varchar(36) NOT NULL COMMENT '项目名称',
  `version` varchar(36) NOT NULL DEFAULT '3.0.0-SNAPSHOT' COMMENT '版本',
  `note` varchar(100) DEFAULT NULL COMMENT '项目描述',
  `modules` varchar(200) DEFAULT 'framework' COMMENT '包含的iotequ模块',
  `spring_module` tinyint(1) NOT NULL DEFAULT '1' COMMENT 'spring模块',
  `maven_module` tinyint(1) NOT NULL DEFAULT '1' COMMENT 'maven模块',
  `maven_server` varchar(100) DEFAULT NULL COMMENT '内部maven库地址',
  `addtional_dependencies` text COMMENT '附件依赖',
  `test` tinyint(1) NOT NULL DEFAULT '0' COMMENT 'test依赖模块',
  PRIMARY KEY (`id`),
  UNIQUE KEY `ui_cg_project01` (`code`,`creator`)
) ENGINE=InnoDB DEFAULT CHARSET=utf8 ROW_FORMAT=DYNAMIC COMMENT='项目';
/*!40101 SET character_set_client = @saved_cs_client */;

--
-- Dumping data for table `cg_project`
--

LOCK TABLES `cg_project` WRITE;
/*!40000 ALTER TABLE `cg_project` DISABLE KEYS */;
INSERT INTO `cg_project` (`id`, `code`, `creator`, `group_id`, `name`, `version`, `note`, `modules`, `spring_module`, `maven_module`, `maven_server`, `addtional_dependencies`, `test`) VALUES ('qinyoyo.ad','ad','qinyoyo','top.iotequ','attendance','3.0.1-SNAPSHOT',NULL,'framework',1,1,'http://192.168.1.120:8081',NULL,0),('qinyoyo.cg','cg','qinyoyo','top.iotequ','codegenerator','3.0.1-SNAPSHOT',NULL,'framework,reader',1,1,'http://192.168.1.120:8081','		<dependency>\n			<groupId>com.google.code.gson</groupId>\n			<artifactId>gson</artifactId>\n		</dependency>\n		<dependency>\n			<groupId>org.springframework.boot</groupId>\n			<artifactId>spring-boot-starter-freemarker</artifactId>\n		</dependency>\n',0),('qinyoyo.ew','ew','qinyoyo','top.iotequ','ewallet','3.0.1-SNAPSHOT',NULL,'framework',1,1,'http://192.168.1.120:8081','        <dependency>\n            <artifactId>pay-utility</artifactId>\n            <groupId>top.iotequ</groupId>\n            <version>3.0.0-SNAPSHOT</version>\n        </dependency>',1),('qinyoyo.pay','pay','qinyoyo','top.iotequ','pay','3.0.1-SNAPSHOT',NULL,'framework,SvasClient',1,1,'http://192.168.1.120:8081','        <dependency>\n            <artifactId>pay-utility</artifactId>\n            <groupId>top.iotequ</groupId>\n            <version>3.0.0-SNAPSHOT</version>\n        </dependency>\n        <dependency>\n            <artifactId>ewallet</artifactId>\n            <groupId>top.iotequ</groupId>\n            <version>3.0.0-SNAPSHOT</version>\n        </dependency>\n',1),('qinyoyo.pm','pm','qinyoyo','top.iotequ','project','3.0.1-SNAPSHOT','项目管理模块','framework',1,1,'http://192.168.1.120:8081',NULL,0),('qinyoyo.sys','sys','qinyoyo','top.iotequ','framework','3.0.1-SNAPSHOT','iotequ系统模块,其他项目必须包含该模块',NULL,1,1,'http://192.168.1.120:8081','		<dependency>\n			<groupId>org.springframework.security.oauth</groupId>\n			<artifactId>spring-security-oauth2</artifactId>\n			<version>2.1.2.RELEASE</version>\n		</dependency>        \n		<dependency>\n			<groupId>mysql</groupId>\n			<artifactId>mysql-connector-java</artifactId>\n			<scope>runtime</scope>\n		</dependency>\n		<dependency>\n			<groupId>org.springframework.boot</groupId>\n			<artifactId>spring-boot-starter-test</artifactId>\n			<scope>test</scope>\n		</dependency>\n		<dependency>\n			<groupId>org.springframework.security</groupId>\n			<artifactId>spring-security-test</artifactId>\n			<scope>test</scope>\n		</dependency>\n		<dependency>\n			<groupId>com.microsoft.sqlserver</groupId>\n			<artifactId>mssql-jdbc</artifactId>\n			<scope>runtime</scope>\n		</dependency>\n		<dependency>\n			<groupId>com.google.code.gson</groupId>\n			<artifactId>gson</artifactId>\n		</dependency>\n		<dependency>\n			<groupId>org.json</groupId>\n			<artifactId>json</artifactId>\n			<version>20180813</version>\n		</dependency>\n		<dependency>\n			<groupId>com.github.pagehelper</groupId>\n			<artifactId>pagehelper-spring-boot-starter</artifactId>\n			<version>1.2.12</version>\n		</dependency>\n		<dependency>\n			<groupId>org.apache.poi</groupId>\n			<artifactId>poi</artifactId>\n			<version>4.1.1</version>\n		</dependency>\n		<dependency>\n			<groupId>org.apache.poi</groupId>\n			<artifactId>poi-ooxml-schemas</artifactId>\n			<version>4.1.1</version>\n		</dependency>\n		<dependency>\n			<groupId>org.apache.poi</groupId>\n			<artifactId>poi-ooxml</artifactId>\n			<version>4.1.1</version>\n		</dependency>\n		<dependency>\n			<groupId>com.google.zxing</groupId>\n			<artifactId>core</artifactId>\n			<version>3.4.0</version>\n		</dependency>\n		<dependency>\n			<groupId>com.aliyun</groupId>\n			<artifactId>aliyun-java-sdk-core</artifactId>\n			<version>4.4.6</version>\n		</dependency>',0);
/*!40000 ALTER TABLE `cg_project` ENABLE KEYS */;
UNLOCK TABLES;

--
-- Table structure for table `cg_table`
--

DROP TABLE IF EXISTS `cg_table`;
/*!40101 SET @saved_cs_client     = @@character_set_client */;
/*!40101 SET character_set_client = utf8 */;
CREATE TABLE `cg_table` (
  `id` varchar(32) NOT NULL COMMENT '主键ID',
  `project_id` varchar(36) NOT NULL COMMENT '项目id',
  `code` varchar(45) NOT NULL COMMENT 'cg代码',
  `name` varchar(32) DEFAULT NULL COMMENT '数据库表',
  `title` varchar(32) NOT NULL COMMENT '标题',
  `sub_package` varchar(30) DEFAULT NULL COMMENT '子包',
  `entity` varchar(32) DEFAULT NULL COMMENT 'Entity类名',
  `template` varchar(32) NOT NULL COMMENT '模板名',
  `trial_licence` int(11) DEFAULT NULL COMMENT '试用licence',
  `trial_days` int(11) DEFAULT NULL COMMENT '试用天数',
  `action_list` varchar(200) DEFAULT 'add,view,edit,delete,batdel,impo' COMMENT '功能列表',
  `imports` varchar(500) DEFAULT NULL COMMENT 'import列表',
  `controller_extends` varchar(200) DEFAULT NULL COMMENT 'controller基类以及实现接口',
  `pojo_imports` varchar(500) DEFAULT NULL COMMENT 'pojo基类列表',
  `pojo_extends` varchar(200) DEFAULT NULL COMMENT 'pojo实现接口和继承类',
  `pojo_java_code` text COMMENT 'pojo自定义代码',
  `creator` varchar(45) NOT NULL COMMENT '创建人',
  `flow_dyna_fields_op` varchar(100) DEFAULT NULL COMMENT '处理人关联字段',
  `flow_dyna_fields_cp` varchar(100) DEFAULT NULL COMMENT '抄送人关联字段',
  PRIMARY KEY (`id`),
  UNIQUE KEY `ui_cg_table01` (`code`,`project_id`),
  KEY `fk_cg_table_project_id_cg_project_id` (`project_id`),
  CONSTRAINT `fk_cg_table_project_id_cg_project_id` FOREIGN KEY (`project_id`) REFERENCES `cg_project` (`id`) ON DELETE CASCADE ON UPDATE CASCADE
) ENGINE=InnoDB DEFAULT CHARSET=utf8 ROW_FORMAT=DYNAMIC COMMENT='表单定义';
/*!40101 SET character_set_client = @saved_cs_client */;

--
-- Dumping data for table `cg_table`
--

LOCK TABLES `cg_table` WRITE;
/*!40000 ALTER TABLE `cg_table` DISABLE KEYS */;
INSERT INTO `cg_table` (`id`, `project_id`, `code`, `name`, `title`, `sub_package`, `entity`, `template`, `trial_licence`, `trial_days`, `action_list`, `imports`, `controller_extends`, `pojo_imports`, `pojo_extends`, `pojo_java_code`, `creator`, `flow_dyna_fields_op`, `flow_dyna_fields_cp`) VALUES ('qinyoyo.ad_adjust','qinyoyo.ad','adjust','ad_adjust','考勤调整','adjust','AdAdjust','vue-element',NULL,NULL,'list,view,edit,delete,add,export,flow','top.iotequ.attendance.util.AdUtil',NULL,NULL,NULL,NULL,'qinyoyo','flowSelection',NULL),('qinyoyo.ad_approve_list','qinyoyo.ad','approve_list','ad_approve_list','审核信息表',' approvelist','AdApproveList','vue-element',NULL,NULL,'list','top.iotequ.attendance.util.AdUtil',NULL,NULL,NULL,'','qinyoyo',NULL,NULL),('qinyoyo.ad_data','qinyoyo.ad','data','ad_data','考勤数据','data','AdData','vue-element',NULL,NULL,'list,export','top.iotequ.attendance.util.AdUtil',NULL,NULL,NULL,'','qinyoyo',NULL,NULL),('qinyoyo.ad_day_result','qinyoyo.ad','day_result','ad_day_result','日考勤结果','dayresult','AdDayResult','vue-element',NULL,NULL,'list,export,query','top.iotequ.attendance.util.AdUtil',NULL,NULL,NULL,'','qinyoyo',NULL,NULL),('qinyoyo.ad_employee','qinyoyo.ad','employee','ad_employee','考勤职员表','employee','AdEmployee','vue-element',100,NULL,'list,view,edit,export',NULL,NULL,NULL,NULL,'','qinyoyo',NULL,NULL),('qinyoyo.ad_exception','qinyoyo.ad','exception','ad_exception','节假日调休安排','exception','AdException','vue-element',NULL,NULL,'list,add,view,edit,delete,batchDelete,import,export',NULL,NULL,NULL,NULL,'','qinyoyo',NULL,NULL),('qinyoyo.ad_org','qinyoyo.ad','org','ad_org','考勤部门信息表','org','AdOrg','vue-element',NULL,NULL,'list,view,edit,import,export,delete,editInline_add','top.iotequ.attendance.util.AdUtil',NULL,NULL,NULL,NULL,'qinyoyo',NULL,NULL),('qinyoyo.ad_shift','qinyoyo.ad','shift','ad_shift','考勤排班表','shift','AdShift','vue-element',NULL,NULL,'list,add,view,edit,delete,import,export','top.iotequ.attendance.util.AdUtil',NULL,NULL,NULL,'','qinyoyo',NULL,NULL),('qinyoyo.ad_shift_time','qinyoyo.ad','shift_time','ad_shift_time','排班时间表','shifttime','AdShiftTime','vue-element',NULL,NULL,'list,add,view,edit,delete,batchDelete,import,export',NULL,NULL,NULL,NULL,'','qinyoyo',NULL,NULL),('qinyoyo.ad_special_shift','qinyoyo.ad','special_shift','ad_special_shift','特殊排班表','specialshift','AdSpecialShift','vue-element',NULL,NULL,'list,add,view,edit,delete,import,export','top.iotequ.attendance.util.AdUtil',NULL,NULL,NULL,'','qinyoyo',NULL,NULL),('qinyoyo.ad_special_shift_time','qinyoyo.ad','special_shift_time','ad_special_shift_time','特殊排班时间表','specialshifttime','AdSpecialShiftTime','vue-element',NULL,NULL,'list,add,view,edit,delete,batchDelete,import,export',NULL,NULL,NULL,NULL,'','qinyoyo',NULL,NULL),('qinyoyo.cg_auto_table','qinyoyo.cg','auto_table','','自动创建代码',NULL,'','vue-element',NULL,NULL,'edit',NULL,NULL,NULL,NULL,NULL,'qinyoyo',NULL,NULL),('qinyoyo.cg_button','qinyoyo.cg','button','cg_button','按钮定义',NULL,'CgButton','vue-element',NULL,NULL,'list,add,view,edit,delete,batdel,import,export',NULL,NULL,NULL,NULL,'','qinyoyo',NULL,NULL),('qinyoyo.cg_field','qinyoyo.cg','field','cg_field','字段定义表',NULL,'CgField','vue-element',NULL,NULL,'list,add,view,edit,delete,batdel,import,export,editInline_add',NULL,NULL,NULL,NULL,'','qinyoyo',NULL,NULL),('qinyoyo.cg_form','qinyoyo.cg','form','cg_form','表单定义表',NULL,'CgForm','vue-element',NULL,NULL,'list,add,view,edit,delete,batdel,import,export',NULL,NULL,NULL,NULL,'','qinyoyo',NULL,NULL),('qinyoyo.cg_form_field','qinyoyo.cg','form_field','cg_form_field','表单字段定义',NULL,'CgFormField','vue-element',NULL,NULL,'list,add,view,edit,delete,batdel,import,export',NULL,NULL,NULL,NULL,'','qinyoyo',NULL,NULL),('qinyoyo.cg_list','qinyoyo.cg','list','cg_list','列表视图定义',NULL,'CgList','vue-element',NULL,NULL,'list,add,view,edit,delete,batdel,import,export',NULL,NULL,NULL,NULL,'','qinyoyo',NULL,NULL),('qinyoyo.cg_list_field','qinyoyo.cg','list_field','cg_list_field','列表视图字段定义',NULL,'CgListField','vue-element',NULL,NULL,'list,add,view,edit,delete,batdel,import,export',NULL,'','','','','qinyoyo',NULL,NULL),('qinyoyo.cg_project','qinyoyo.cg','project','cg_project','项目',NULL,'CgProject','vue-element',NULL,NULL,'add,list,view,edit,delete,batdel,import,export',NULL,NULL,NULL,NULL,'','qinyoyo',NULL,NULL),('qinyoyo.cg_table','qinyoyo.cg','table','cg_table','表单定义',NULL,'CgTable','vue-element',NULL,NULL,'list,add,view,edit,delete,batdel,import,export',NULL,NULL,NULL,NULL,'','qinyoyo',NULL,NULL),('qinyoyo.pay_bill','qinyoyo.ew','bill','ew_bill','消费明细',NULL,'EwBill','vue-element',NULL,NULL,'list,view,export',NULL,'','','implements EWallet','    @Override\n    public String toSortedString() {\n        return \"[EwBill]\"\n                .concat(\" no:\" + this.no)\n                .concat(\" dt:\" + this.dt)\n                .concat(\" is charge:\" + (this.isCharge?\"1\":\"0\"))\n                .concat(\" canceled:\" + (this.canceled?\"1\":\"0\"))\n                .concat(\" operation type:\" + this.operationType)\n                .concat(\" user no:\" + this.userNo)\n                .concat(\" cost type:\" + this.costType)\n                .concat(\" project id:\" + this.projectId)\n                .concat(\" amount:\" + this.amount)\n                .concat(\" amount before:\" + this.amountBefore)\n                .concat(\" bonus:\" + this.bonus)\n                .concat(\" bonus before:\" + this.bonusBefore)\n                .concat(\" device no:\" + this.deviceNo)\n                .concat(\" shop id:\" + this.shopId)\n                .concat(\" device stream:\" + this.deviceStream)\n                .concat(\" device dt:\" + this.deviceDt)\n                .concat(\" trade no:\" + this.tradeNo)\n                .concat(\" operator no:\" + this.operatorNo)\n                .concat(\" login id:\" + this.loginId)\n                .concat(\" link no:\" + (this.linkNo==null?\"\":this.linkNo));\n    }','qinyoyo',NULL,NULL),('qinyoyo.pay_corporation','qinyoyo.pay','corporation','pay_corporation','运营公司',NULL,'PayCorporation','vue-element',NULL,NULL,'list,add,view,edit,delete,batdel,import,export',NULL,'','','','','qinyoyo',NULL,NULL),('qinyoyo.pay_count_project','qinyoyo.ew','count_project','ew_count_project','计次消费项目',NULL,'EwCountProject','vue-element',NULL,NULL,'list,add,view,edit,delete,batdel,import,export',NULL,'','','','','qinyoyo',NULL,NULL),('qinyoyo.pay_device','qinyoyo.ew','device','ew_device','授信设备',NULL,'EwDevice','vue-element',NULL,NULL,'list,add,view,edit,delete,batdel,import,export',NULL,'','','','','qinyoyo',NULL,NULL),('qinyoyo.pay_login','qinyoyo.pay','login','pay_login','签到日志',NULL,'PayLogin','vue-element',NULL,NULL,'list,view,export',NULL,'','','','','qinyoyo',NULL,NULL),('qinyoyo.pay_operator','qinyoyo.pay','operator','pay_operator','操作员',NULL,'PayOperator','vue-element',NULL,NULL,'list,add,view,edit,delete,batdel,import,export',NULL,'','','','','qinyoyo',NULL,NULL),('qinyoyo.pay_pos','qinyoyo.pay','pos','pay_pos','交易终端',NULL,'PayPos','vue-element',NULL,NULL,'list,add,view,edit,delete,batdel,import,export',NULL,'','','','','qinyoyo',NULL,NULL),('qinyoyo.pay_shop','qinyoyo.pay','shop','pay_shop','商店',NULL,'PayShop','vue-element',NULL,NULL,'list,add,view,edit,delete,batdel,import,export',NULL,'','','','','qinyoyo',NULL,NULL),('qinyoyo.pay_time_project','qinyoyo.ew','time_project','ew_time_project','计时消费项目',NULL,'EwTimeProject','vue-element',NULL,NULL,'list,add,view,edit,delete,batdel,import,export',NULL,'','','','','qinyoyo',NULL,NULL),('qinyoyo.pay_user','qinyoyo.ew','user','ew_user','电子钱包',NULL,'EwUser','vue-element',NULL,NULL,'list,add,view,edit,delete,batdel,export',NULL,'','','implements EWallet','    @Override\n    public String toSortedString() {\n        return \"[EwUserExt]\"\n                .concat(\" userNo:\" + this.userNo)\n                .concat(\" member group:\" + (this.memberGroup == null ? \"\" : this.memberGroup))\n                .concat(\" amount money:\" + this.amountMoney)\n                .concat(\" bonus point:\" + this.bonusPoint)\n                .concat(\" cost limit:\" + this.costLimit)\n                .concat(\" day limit:\" + this.dayLimit);\n\n    }','qinyoyo',NULL,NULL),('qinyoyo.pay_user_count','qinyoyo.ew','user_count','ew_user_count','计次钱包',NULL,'EwUserCount','vue-element',NULL,NULL,'list,view,edit,export',NULL,'','','implements EWallet','    @Override\n    public String toSortedString() {\n        return \"[EwUserCount]\"\n                .concat(\" id:\" + this.id)\n                .concat(\" count id:\" + this.countId)\n                .concat(\" user amount count:\" + this.amountCount)\n                .concat(\" userNo:\" + this.userNo)\n                .concat(\" cost limit:\" + this.costLimit)\n                .concat(\" day limit:\" + this.dayLimit);\n    }','qinyoyo',NULL,NULL),('qinyoyo.pay_user_time','qinyoyo.ew','user_time','ew_user_time','计时钱包',NULL,'EwUserTime','vue-element',NULL,NULL,'list,view,edit,export',NULL,'','','implements EWallet','    @Override\n    public String toSortedString() {\n        return \"[EwUserTime]\"\n                .concat(\" id:\" + this.id)\n                .concat(\" time id:\" + this.timeId)\n                .concat(\" amount time:\" + this.amountTime)\n                .concat(\" user No:\" + this.userNo)\n                .concat(\" cost limit:\" + this.costLimit)\n                .concat(\" day limit:\" + this.dayLimit);\n    }','qinyoyo',NULL,NULL),('qinyoyo.pm_people','qinyoyo.pm','people','pm_people','项目人员','people','PmPeople','vue-element',10,NULL,'list,add,view,delete,batdel,import,export',NULL,NULL,NULL,NULL,'','qinyoyo',NULL,NULL),('qinyoyo.pm_people_group','qinyoyo.pm','people_group','pm_people_group','职能人员分组','people','PmPeopleGroup','vue-element',NULL,NULL,'list,add,view,edit,delete,batdel,import,export',NULL,NULL,NULL,NULL,'','qinyoyo',NULL,NULL),('qinyoyo.pm_project','qinyoyo.pm','project','pm_project','项目及产品列表','product','PmProject','vue-element',10,NULL,'list,add,view,edit,delete,batdel,import,export,flow',NULL,NULL,NULL,NULL,'','qinyoyo','flowSelection,type,flowState','type'),('qinyoyo.pm_version_application','qinyoyo.pm','version_application','pm_version_application','版本申请','version','PmVersionApplication','vue-element',NULL,NULL,'list,add,view,edit,delete,batdel,import,export,flow',NULL,NULL,NULL,NULL,'','qinyoyo',NULL,NULL),('qinyoyo.sys_action','qinyoyo.sys','action','sys_action','功能列表',NULL,'Action','vue-element',NULL,NULL,'list,edit',NULL,NULL,NULL,NULL,'','qinyoyo',NULL,NULL),('qinyoyo.sys_data_dict','qinyoyo.sys','data_dict','sys_data_dict','数据字典',NULL,'DataDict','vue-element',NULL,NULL,'list,add,edit,delete,batdel,import,export,editInline_add',NULL,NULL,NULL,NULL,'','qinyoyo',NULL,NULL),('qinyoyo.sys_flow_process','qinyoyo.sys','flow_process','sys_flow_process','流程处理',NULL,'FlowProcess','vue-element',NULL,NULL,'list,view',NULL,NULL,NULL,NULL,'','qinyoyo',NULL,NULL),('qinyoyo.sys_log','qinyoyo.sys','log','sys_log','系统日志',NULL,'SysLog','vue-element',NULL,NULL,'list,delete,batdel,export,query',NULL,NULL,NULL,NULL,'','qinyoyo',NULL,NULL),('qinyoyo.sys_menu','qinyoyo.sys','menu','sys_menu','系统菜单',NULL,'Menu','vue-element',NULL,NULL,'list,add,view,edit,delete,batdel,import,export,editInline_add',NULL,NULL,NULL,NULL,'','qinyoyo',NULL,NULL),('qinyoyo.sys_message','qinyoyo.sys','message','sys_message','消息',NULL,'Message','vue-element',NULL,NULL,'list,view,delete,batdel',NULL,'','','','','qinyoyo',NULL,NULL),('qinyoyo.sys_oauth_client_details','qinyoyo.sys','oauth_client_details','oauth_client_details','OAuth2客户端配置',NULL,'OauthClientDetails','vue-element',NULL,NULL,'list,add,view,edit,delete,batdel,import,export',NULL,'','','','','qinyoyo',NULL,NULL),('qinyoyo.sys_org','qinyoyo.sys','org','sys_org','组织机构',NULL,'Org','vue-element',NULL,NULL,'list,add,view,edit,delete,import,export,editInline_add',NULL,NULL,NULL,NULL,'','qinyoyo',NULL,NULL),('qinyoyo.sys_permission','qinyoyo.sys','permission','sys_permission','功能分配表',NULL,'Permission','vue-element',NULL,NULL,'edit',NULL,NULL,NULL,NULL,'	private Role roleObject;\n	private Action actionObject; // 为了提高检索速度\n	public Role getRoleObject() {\n		return roleObject;\n	}\n	public void setRoleObject(Role roleObject) {\n		this.roleObject = roleObject;\n	}\n	public Action getActionObject() {\n		return actionObject;\n	}\n	public void setActionObject(Action actionObject) {\n		this.actionObject = actionObject;\n	}','qinyoyo',NULL,NULL),('qinyoyo.sys_role','qinyoyo.sys','role','sys_role','角色表',NULL,'Role','vue-element',NULL,NULL,'list,add,delete,import,export,editInline_add',NULL,'','org.springframework.security.access.ConfigAttribute,org.springframework.security.core.GrantedAuthority','implements ConfigAttribute,GrantedAuthority','    @Override\n    public String getAttribute() {  \n        return this.getAuthority();\n    }\n\n    @Override\n    public String getAuthority() {\n        return \"ROLE_\"+code;\n    }    ','qinyoyo',NULL,NULL),('qinyoyo.sys_route','qinyoyo.sys','route','sys_route','路由表',NULL,'SysRoute','vue-element',NULL,NULL,'list,add,view,edit,delete,batdel,import,export',NULL,NULL,NULL,NULL,'','qinyoyo',NULL,NULL),('qinyoyo.sys_task','qinyoyo.sys','task','sys_task','调度任务',NULL,'Task','vue-element',NULL,NULL,'list,add,view,edit,delete',NULL,NULL,NULL,NULL,'','qinyoyo',NULL,NULL),('qinyoyo.sys_user','qinyoyo.sys','user','sys_user','用户',NULL,'User','vue-element',NULL,NULL,'list,add,view,edit,delete,batdel,import,export,editInline_add',NULL,'','java.util.Collection,java.util.List,org.springframework.security.access.ConfigAttribute,org.springframework.security.core.GrantedAuthority,org.springframework.security.core.userdetails.UserDetails','implements UserDetails','	private List<Role> grantedRoles;\n 	@Override\n	public String getUsername() {\n		return name;\n	}\n	@Override\n	public boolean isAccountNonExpired() {\n		if (expiredTime != null)\n			return expiredTime.getTime() > new Date().getTime();\n		else\n			return true;\n	}\n	@Override\n	public boolean isAccountNonLocked() {\n		return locked==null || !locked;\n	}\n	@Override\n	public boolean isCredentialsNonExpired() {\n		if (passwordExpiredTime != null)\n			return passwordExpiredTime.getTime() > new Date().getTime();\n		else\n			return true;\n	}\n	@Override\n	public boolean isEnabled() {\n		return state!=null && state;\n	}\n    @Override\n    public Collection<? extends GrantedAuthority> getAuthorities() {\n        return grantedRoles;\n    }\n    public Collection<? extends ConfigAttribute> getConfigAttribute() {\n	        return grantedRoles;\n    }\n    public void setAuthorities(List<Role> grantedRoles) {\n        this.grantedRoles=grantedRoles;\n    }','qinyoyo',NULL,NULL);
/*!40000 ALTER TABLE `cg_table` ENABLE KEYS */;
UNLOCK TABLES;
/*!40103 SET TIME_ZONE=@OLD_TIME_ZONE */;

/*!40101 SET SQL_MODE=@OLD_SQL_MODE */;
/*!40014 SET FOREIGN_KEY_CHECKS=@OLD_FOREIGN_KEY_CHECKS */;
/*!40014 SET UNIQUE_CHECKS=@OLD_UNIQUE_CHECKS */;
/*!40101 SET CHARACTER_SET_CLIENT=@OLD_CHARACTER_SET_CLIENT */;
/*!40101 SET CHARACTER_SET_RESULTS=@OLD_CHARACTER_SET_RESULTS */;
/*!40101 SET COLLATION_CONNECTION=@OLD_COLLATION_CONNECTION */;
/*!40111 SET SQL_NOTES=@OLD_SQL_NOTES */;

-- Dump completed on 2020-09-14 11:10:14
